transcript_id,chromosome,transcript_biotype,variantID,vcfID,DNA_change,cDNA_change,protein_change,reading_frame,protein_prefix_length,start_missing,start_lost,splice_site_affected,gene_name,description,unmodified_sequence,protein_id
ENST00000256646,1,protein_coding,HCS__chr1_ENST00000256646_0,rs387906749,119915557:G>A,7420:C>T,2388:Q>2388:*,1,85,True,False,,NOTCH2,generic_ensref|ENSP00000256646.2|pep chromosome:GRCh38:1:119911553:120069662:-1 gene:ENSG00000134250.21 transcript:ENST00000256646.7 gene_biotype:protein_coding transcript_biotype:protein_coding gene_symbol:NOTCH2 description:notch receptor 2 [Source:HGNC Symbol;Acc:HGNC:7882] matching_proteins:ENSP00000256646.2,MPALRPALLWALLALWLCCAAPAHALQCRDGYEPCVNEGMCVTYHNGTGYCKCPEGFLGEYCQHRDPCEKNRCQNGGTCVAQAMLGKATCRCASGFTGEDCQYSTSHPCFVSRPCLNGGTCHMLSRDTYECTCQVGFTGKECQWTDACLSHPCANGSTCTTVANQFSCKCLTGFTGQKCETDVNECDIPGHCQHGGTCLNLPGSYQCQCPQGFTGQYCDSLYVPCAPSPCVNGGTCRQTGDFTFECNCLPGFEGSTCERNIDDCPNHRCQNGGVCVDGVNTYNCRCPPQWTGQFCTEDVDECLLQPNACQNGGTCANRNGGYGCVCVNGWSGDDCSENIDDCAFASCTPGSTCIDRVASFSCMCPEGKAGLLCHLDDACISNPCHKGALCDTNPLNGQYICTCPQGYKGADCTEDVDECAMANSNPCEHAGKCVNTDGAFHCECLKGYAGPRCEMDINECHSDPCQNDATCLDKIGGFTCLCMPGFKGVHCELEINECQSNPCVNNGQCVDKVNRFQCLCPPGFTGPVCQIDIDDCSSTPCLNGAKCIDHPNGYECQCATGFTGVLCEENIDNCDPDPCHHGQCQDGIDSYTCICNPGYMGAICSDQIDECYSSPCLNDGRCIDLVNGYQCNCQPGTSGVNCEINFDDCASNPCIHGICMDGINRYSCVCSPGFTGQRCNIDIDECASNPCRKGATCINGVNGFRCICPEGPHHPSCYSQVNECLSNPCIHGNCTGGLSGYKCLCDAGWVGINCEVDKNECLSNPCQNGGTCDNLVNGYRCTCKKGFKGYNCQVNIDECASNPCLNQGTCFDDISGYTCHCVLPYTGKNCQTVLAPCSPNPCENAAVCKESPNFESYTCLCAPGWQGQRCTIDIDECISKPCMNHGLCHNTQGSYMCECPPGFSGMDCEEDIDDCLANPCQNGGSCMDGVNTFSCLCLPGFTGDKCQTDMNECLSEPCKNGGTCSDYVNSYTCKCQAGFDGVHCENNINECTESSCFNGGTCVDGINSFSCLCPVGFTGSFCLHEINECSSHPCLNEGTCVDGLGTYRCSCPLGYTGKNCQTLVNLCSRSPCKNKGTCVQKKAESQCLCPSGWAGAYCDVPNVSCDIAASRRGVLVEHLCQHSGVCINAGNTHYCQCPLGYTGSYCEEQLDECASNPCQHGATCSDFIGGYRCECVPGYQGVNCEYEVDECQNQPCQNGGTCIDLVNHFKCSCPPGTRGLLCEENIDDCARGPHCLNGGQCMDRIGGYSCRCLPGFAGERCEGDINECLSNPCSSEGSLDCIQLTNDYLCVCRSAFTGRHCETFVDVCPQMPCLNGGTCAVASNMPDGFICRCPPGFSGARCQSSCGQVKCRKGEQCVHTASGPRCFCPSPRDCESGCASSPCQHGGSCHPQRQPPYYSCQCAPPFSGSRCELYTAPPSTPPATCLSQYCADKARDGVCDEACNSHACQWDGGDCSLTMENPWANCSSPLPCWDYINNQCDELCNTVECLFDNFECQGNSKTCKYDKYCADHFKDNHCDQGCNSEECGWDGLDCAADQPENLAEGTLVIVVLMPPEQLLQDARSFLRALGTLLHTNLRIKRDSQGELMVYPYYGEKSAAMKKQRMTRRSLPGEQEQEVAGSKVFLEIDNRQCVQDSDHCFKNTDAAAALLASHAIQGTLSYPLVSVVSESLTPERTQLLYLLAVAVVIILFIILLGVIMAKRKRKHGSLWLPEGFTLRRDASNHKRREPVGQDAVGLKNLSVQVSEANLIGTGTSEHWVDDEGPQPKKVKAEDEALLSEEDDPIDRRPWTQQHLEAADIRRTPSLALTPPQAEQEVDVLDVNVRGPDGCTPLMLASLRGGSSDLSDEDEDAEDSSANIITDLVYQGASLQAQTDRTGEMALHLAARYSRADAAKRLLDAGADANAQDNMGRCPLHAAVAADAQGVFQILIRNRVTDLDARMNDGTTPLILAARLAVEGMVAELINCQADVNAVDDHGKSALHWAAAVNNVEATLLLLKNGANRDMQDNKEETPLFLAAREGSYEAAKILLDHFANRDITDHMDRLPRDVARDRMHHDIVRLLDEYNVTPSPPGTVLTSALSPVICGPNRSFLSLKHTPMGKKSRRPSAKSTMPTSLPNLAKEAKDAKGSRRKKSLSEKVQLSESSVTLSPVDSLESPHTYVSDTTSSPMITSPGILQASPNPMLATAAPPAPVHAQHALSFSNLHEMQPLAHGASTVLPSVSQLLSHHHIVSPGSGSAGSLSRLHPVPVPADWMNRMEVNETQYNEMFGMVLAPAEGTHPGIAPQSRPPEGKHITTPREPLPPIVTFQLIPKGSIAQPAGAPQPQSTCPPAVAGPLPTMYQIPEMARLPSVAFPTAMMPQQDGQVAQTILPAYHPFPASVGKYPTPPSQHSYASSNAAERTPSHSGHLQGEHPYLTPSPESPDQWSSSSPHSASDWSDVTTSPTPGGAGGGQRGPGTHMSEPPHNNMQVYA,ENSP00000256646
ENST00000256646,1,protein_coding,HCS__chr1_ENST00000256646_1,rs1557801639,119915603:A>C,7374:T>G,2372:Y>2372:*,1,85,True,False,,NOTCH2,generic_ensref|ENSP00000256646.2|pep chromosome:GRCh38:1:119911553:120069662:-1 gene:ENSG00000134250.21 transcript:ENST00000256646.7 gene_biotype:protein_coding transcript_biotype:protein_coding gene_symbol:NOTCH2 description:notch receptor 2 [Source:HGNC Symbol;Acc:HGNC:7882] matching_proteins:ENSP00000256646.2,MPALRPALLWALLALWLCCAAPAHALQCRDGYEPCVNEGMCVTYHNGTGYCKCPEGFLGEYCQHRDPCEKNRCQNGGTCVAQAMLGKATCRCASGFTGEDCQYSTSHPCFVSRPCLNGGTCHMLSRDTYECTCQVGFTGKECQWTDACLSHPCANGSTCTTVANQFSCKCLTGFTGQKCETDVNECDIPGHCQHGGTCLNLPGSYQCQCPQGFTGQYCDSLYVPCAPSPCVNGGTCRQTGDFTFECNCLPGFEGSTCERNIDDCPNHRCQNGGVCVDGVNTYNCRCPPQWTGQFCTEDVDECLLQPNACQNGGTCANRNGGYGCVCVNGWSGDDCSENIDDCAFASCTPGSTCIDRVASFSCMCPEGKAGLLCHLDDACISNPCHKGALCDTNPLNGQYICTCPQGYKGADCTEDVDECAMANSNPCEHAGKCVNTDGAFHCECLKGYAGPRCEMDINECHSDPCQNDATCLDKIGGFTCLCMPGFKGVHCELEINECQSNPCVNNGQCVDKVNRFQCLCPPGFTGPVCQIDIDDCSSTPCLNGAKCIDHPNGYECQCATGFTGVLCEENIDNCDPDPCHHGQCQDGIDSYTCICNPGYMGAICSDQIDECYSSPCLNDGRCIDLVNGYQCNCQPGTSGVNCEINFDDCASNPCIHGICMDGINRYSCVCSPGFTGQRCNIDIDECASNPCRKGATCINGVNGFRCICPEGPHHPSCYSQVNECLSNPCIHGNCTGGLSGYKCLCDAGWVGINCEVDKNECLSNPCQNGGTCDNLVNGYRCTCKKGFKGYNCQVNIDECASNPCLNQGTCFDDISGYTCHCVLPYTGKNCQTVLAPCSPNPCENAAVCKESPNFESYTCLCAPGWQGQRCTIDIDECISKPCMNHGLCHNTQGSYMCECPPGFSGMDCEEDIDDCLANPCQNGGSCMDGVNTFSCLCLPGFTGDKCQTDMNECLSEPCKNGGTCSDYVNSYTCKCQAGFDGVHCENNINECTESSCFNGGTCVDGINSFSCLCPVGFTGSFCLHEINECSSHPCLNEGTCVDGLGTYRCSCPLGYTGKNCQTLVNLCSRSPCKNKGTCVQKKAESQCLCPSGWAGAYCDVPNVSCDIAASRRGVLVEHLCQHSGVCINAGNTHYCQCPLGYTGSYCEEQLDECASNPCQHGATCSDFIGGYRCECVPGYQGVNCEYEVDECQNQPCQNGGTCIDLVNHFKCSCPPGTRGLLCEENIDDCARGPHCLNGGQCMDRIGGYSCRCLPGFAGERCEGDINECLSNPCSSEGSLDCIQLTNDYLCVCRSAFTGRHCETFVDVCPQMPCLNGGTCAVASNMPDGFICRCPPGFSGARCQSSCGQVKCRKGEQCVHTASGPRCFCPSPRDCESGCASSPCQHGGSCHPQRQPPYYSCQCAPPFSGSRCELYTAPPSTPPATCLSQYCADKARDGVCDEACNSHACQWDGGDCSLTMENPWANCSSPLPCWDYINNQCDELCNTVECLFDNFECQGNSKTCKYDKYCADHFKDNHCDQGCNSEECGWDGLDCAADQPENLAEGTLVIVVLMPPEQLLQDARSFLRALGTLLHTNLRIKRDSQGELMVYPYYGEKSAAMKKQRMTRRSLPGEQEQEVAGSKVFLEIDNRQCVQDSDHCFKNTDAAAALLASHAIQGTLSYPLVSVVSESLTPERTQLLYLLAVAVVIILFIILLGVIMAKRKRKHGSLWLPEGFTLRRDASNHKRREPVGQDAVGLKNLSVQVSEANLIGTGTSEHWVDDEGPQPKKVKAEDEALLSEEDDPIDRRPWTQQHLEAADIRRTPSLALTPPQAEQEVDVLDVNVRGPDGCTPLMLASLRGGSSDLSDEDEDAEDSSANIITDLVYQGASLQAQTDRTGEMALHLAARYSRADAAKRLLDAGADANAQDNMGRCPLHAAVAADAQGVFQILIRNRVTDLDARMNDGTTPLILAARLAVEGMVAELINCQADVNAVDDHGKSALHWAAAVNNVEATLLLLKNGANRDMQDNKEETPLFLAAREGSYEAAKILLDHFANRDITDHMDRLPRDVARDRMHHDIVRLLDEYNVTPSPPGTVLTSALSPVICGPNRSFLSLKHTPMGKKSRRPSAKSTMPTSLPNLAKEAKDAKGSRRKKSLSEKVQLSESSVTLSPVDSLESPHTYVSDTTSSPMITSPGILQASPNPMLATAAPPAPVHAQHALSFSNLHEMQPLAHGASTVLPSVSQLLSHHHIVSPGSGSAGSLSRLHPVPVPADWMNRMEVNETQYNEMFGMVLAPAEGTHPGIAPQSRPPEGKHITTPREPLPPIVTFQLIPKGSIAQPAGAPQPQSTCPPAVAGPLPTMYQIPEMARLPSVAFPTAMMPQQDGQVAQTILPAYHPFPASVGKYPTPPSQHSYASSNAAERTPSHSGHLQGEHPYLTPSPESPDQWSSSSPHSASDWSDVTTSPTPGGAGGGQRGPGTHMSEPPHNNMQVYA,ENSP00000256646
ENST00000256646,1,protein_coding,HCS__chr1_ENST00000256646_2,VCV002127842,119915623:G>A,7354:C>T,2366:Q>2366:*,1,85,True,False,,NOTCH2,generic_ensref|ENSP00000256646.2|pep chromosome:GRCh38:1:119911553:120069662:-1 gene:ENSG00000134250.21 transcript:ENST00000256646.7 gene_biotype:protein_coding transcript_biotype:protein_coding gene_symbol:NOTCH2 description:notch receptor 2 [Source:HGNC Symbol;Acc:HGNC:7882] matching_proteins:ENSP00000256646.2,MPALRPALLWALLALWLCCAAPAHALQCRDGYEPCVNEGMCVTYHNGTGYCKCPEGFLGEYCQHRDPCEKNRCQNGGTCVAQAMLGKATCRCASGFTGEDCQYSTSHPCFVSRPCLNGGTCHMLSRDTYECTCQVGFTGKECQWTDACLSHPCANGSTCTTVANQFSCKCLTGFTGQKCETDVNECDIPGHCQHGGTCLNLPGSYQCQCPQGFTGQYCDSLYVPCAPSPCVNGGTCRQTGDFTFECNCLPGFEGSTCERNIDDCPNHRCQNGGVCVDGVNTYNCRCPPQWTGQFCTEDVDECLLQPNACQNGGTCANRNGGYGCVCVNGWSGDDCSENIDDCAFASCTPGSTCIDRVASFSCMCPEGKAGLLCHLDDACISNPCHKGALCDTNPLNGQYICTCPQGYKGADCTEDVDECAMANSNPCEHAGKCVNTDGAFHCECLKGYAGPRCEMDINECHSDPCQNDATCLDKIGGFTCLCMPGFKGVHCELEINECQSNPCVNNGQCVDKVNRFQCLCPPGFTGPVCQIDIDDCSSTPCLNGAKCIDHPNGYECQCATGFTGVLCEENIDNCDPDPCHHGQCQDGIDSYTCICNPGYMGAICSDQIDECYSSPCLNDGRCIDLVNGYQCNCQPGTSGVNCEINFDDCASNPCIHGICMDGINRYSCVCSPGFTGQRCNIDIDECASNPCRKGATCINGVNGFRCICPEGPHHPSCYSQVNECLSNPCIHGNCTGGLSGYKCLCDAGWVGINCEVDKNECLSNPCQNGGTCDNLVNGYRCTCKKGFKGYNCQVNIDECASNPCLNQGTCFDDISGYTCHCVLPYTGKNCQTVLAPCSPNPCENAAVCKESPNFESYTCLCAPGWQGQRCTIDIDECISKPCMNHGLCHNTQGSYMCECPPGFSGMDCEEDIDDCLANPCQNGGSCMDGVNTFSCLCLPGFTGDKCQTDMNECLSEPCKNGGTCSDYVNSYTCKCQAGFDGVHCENNINECTESSCFNGGTCVDGINSFSCLCPVGFTGSFCLHEINECSSHPCLNEGTCVDGLGTYRCSCPLGYTGKNCQTLVNLCSRSPCKNKGTCVQKKAESQCLCPSGWAGAYCDVPNVSCDIAASRRGVLVEHLCQHSGVCINAGNTHYCQCPLGYTGSYCEEQLDECASNPCQHGATCSDFIGGYRCECVPGYQGVNCEYEVDECQNQPCQNGGTCIDLVNHFKCSCPPGTRGLLCEENIDDCARGPHCLNGGQCMDRIGGYSCRCLPGFAGERCEGDINECLSNPCSSEGSLDCIQLTNDYLCVCRSAFTGRHCETFVDVCPQMPCLNGGTCAVASNMPDGFICRCPPGFSGARCQSSCGQVKCRKGEQCVHTASGPRCFCPSPRDCESGCASSPCQHGGSCHPQRQPPYYSCQCAPPFSGSRCELYTAPPSTPPATCLSQYCADKARDGVCDEACNSHACQWDGGDCSLTMENPWANCSSPLPCWDYINNQCDELCNTVECLFDNFECQGNSKTCKYDKYCADHFKDNHCDQGCNSEECGWDGLDCAADQPENLAEGTLVIVVLMPPEQLLQDARSFLRALGTLLHTNLRIKRDSQGELMVYPYYGEKSAAMKKQRMTRRSLPGEQEQEVAGSKVFLEIDNRQCVQDSDHCFKNTDAAAALLASHAIQGTLSYPLVSVVSESLTPERTQLLYLLAVAVVIILFIILLGVIMAKRKRKHGSLWLPEGFTLRRDASNHKRREPVGQDAVGLKNLSVQVSEANLIGTGTSEHWVDDEGPQPKKVKAEDEALLSEEDDPIDRRPWTQQHLEAADIRRTPSLALTPPQAEQEVDVLDVNVRGPDGCTPLMLASLRGGSSDLSDEDEDAEDSSANIITDLVYQGASLQAQTDRTGEMALHLAARYSRADAAKRLLDAGADANAQDNMGRCPLHAAVAADAQGVFQILIRNRVTDLDARMNDGTTPLILAARLAVEGMVAELINCQADVNAVDDHGKSALHWAAAVNNVEATLLLLKNGANRDMQDNKEETPLFLAAREGSYEAAKILLDHFANRDITDHMDRLPRDVARDRMHHDIVRLLDEYNVTPSPPGTVLTSALSPVICGPNRSFLSLKHTPMGKKSRRPSAKSTMPTSLPNLAKEAKDAKGSRRKKSLSEKVQLSESSVTLSPVDSLESPHTYVSDTTSSPMITSPGILQASPNPMLATAAPPAPVHAQHALSFSNLHEMQPLAHGASTVLPSVSQLLSHHHIVSPGSGSAGSLSRLHPVPVPADWMNRMEVNETQYNEMFGMVLAPAEGTHPGIAPQSRPPEGKHITTPREPLPPIVTFQLIPKGSIAQPAGAPQPQSTCPPAVAGPLPTMYQIPEMARLPSVAFPTAMMPQQDGQVAQTILPAYHPFPASVGKYPTPPSQHSYASSNAAERTPSHSGHLQGEHPYLTPSPESPDQWSSSSPHSASDWSDVTTSPTPGGAGGGQRGPGTHMSEPPHNNMQVYA,ENSP00000256646
ENST00000256646,1,protein_coding,HCS__chr1_ENST00000256646_3,rs1553193485,119915644:G>A,7333:C>T,2359:Q>2359:*,1,85,True,False,,NOTCH2,generic_ensref|ENSP00000256646.2|pep chromosome:GRCh38:1:119911553:120069662:-1 gene:ENSG00000134250.21 transcript:ENST00000256646.7 gene_biotype:protein_coding transcript_biotype:protein_coding gene_symbol:NOTCH2 description:notch receptor 2 [Source:HGNC Symbol;Acc:HGNC:7882] matching_proteins:ENSP00000256646.2,MPALRPALLWALLALWLCCAAPAHALQCRDGYEPCVNEGMCVTYHNGTGYCKCPEGFLGEYCQHRDPCEKNRCQNGGTCVAQAMLGKATCRCASGFTGEDCQYSTSHPCFVSRPCLNGGTCHMLSRDTYECTCQVGFTGKECQWTDACLSHPCANGSTCTTVANQFSCKCLTGFTGQKCETDVNECDIPGHCQHGGTCLNLPGSYQCQCPQGFTGQYCDSLYVPCAPSPCVNGGTCRQTGDFTFECNCLPGFEGSTCERNIDDCPNHRCQNGGVCVDGVNTYNCRCPPQWTGQFCTEDVDECLLQPNACQNGGTCANRNGGYGCVCVNGWSGDDCSENIDDCAFASCTPGSTCIDRVASFSCMCPEGKAGLLCHLDDACISNPCHKGALCDTNPLNGQYICTCPQGYKGADCTEDVDECAMANSNPCEHAGKCVNTDGAFHCECLKGYAGPRCEMDINECHSDPCQNDATCLDKIGGFTCLCMPGFKGVHCELEINECQSNPCVNNGQCVDKVNRFQCLCPPGFTGPVCQIDIDDCSSTPCLNGAKCIDHPNGYECQCATGFTGVLCEENIDNCDPDPCHHGQCQDGIDSYTCICNPGYMGAICSDQIDECYSSPCLNDGRCIDLVNGYQCNCQPGTSGVNCEINFDDCASNPCIHGICMDGINRYSCVCSPGFTGQRCNIDIDECASNPCRKGATCINGVNGFRCICPEGPHHPSCYSQVNECLSNPCIHGNCTGGLSGYKCLCDAGWVGINCEVDKNECLSNPCQNGGTCDNLVNGYRCTCKKGFKGYNCQVNIDECASNPCLNQGTCFDDISGYTCHCVLPYTGKNCQTVLAPCSPNPCENAAVCKESPNFESYTCLCAPGWQGQRCTIDIDECISKPCMNHGLCHNTQGSYMCECPPGFSGMDCEEDIDDCLANPCQNGGSCMDGVNTFSCLCLPGFTGDKCQTDMNECLSEPCKNGGTCSDYVNSYTCKCQAGFDGVHCENNINECTESSCFNGGTCVDGINSFSCLCPVGFTGSFCLHEINECSSHPCLNEGTCVDGLGTYRCSCPLGYTGKNCQTLVNLCSRSPCKNKGTCVQKKAESQCLCPSGWAGAYCDVPNVSCDIAASRRGVLVEHLCQHSGVCINAGNTHYCQCPLGYTGSYCEEQLDECASNPCQHGATCSDFIGGYRCECVPGYQGVNCEYEVDECQNQPCQNGGTCIDLVNHFKCSCPPGTRGLLCEENIDDCARGPHCLNGGQCMDRIGGYSCRCLPGFAGERCEGDINECLSNPCSSEGSLDCIQLTNDYLCVCRSAFTGRHCETFVDVCPQMPCLNGGTCAVASNMPDGFICRCPPGFSGARCQSSCGQVKCRKGEQCVHTASGPRCFCPSPRDCESGCASSPCQHGGSCHPQRQPPYYSCQCAPPFSGSRCELYTAPPSTPPATCLSQYCADKARDGVCDEACNSHACQWDGGDCSLTMENPWANCSSPLPCWDYINNQCDELCNTVECLFDNFECQGNSKTCKYDKYCADHFKDNHCDQGCNSEECGWDGLDCAADQPENLAEGTLVIVVLMPPEQLLQDARSFLRALGTLLHTNLRIKRDSQGELMVYPYYGEKSAAMKKQRMTRRSLPGEQEQEVAGSKVFLEIDNRQCVQDSDHCFKNTDAAAALLASHAIQGTLSYPLVSVVSESLTPERTQLLYLLAVAVVIILFIILLGVIMAKRKRKHGSLWLPEGFTLRRDASNHKRREPVGQDAVGLKNLSVQVSEANLIGTGTSEHWVDDEGPQPKKVKAEDEALLSEEDDPIDRRPWTQQHLEAADIRRTPSLALTPPQAEQEVDVLDVNVRGPDGCTPLMLASLRGGSSDLSDEDEDAEDSSANIITDLVYQGASLQAQTDRTGEMALHLAARYSRADAAKRLLDAGADANAQDNMGRCPLHAAVAADAQGVFQILIRNRVTDLDARMNDGTTPLILAARLAVEGMVAELINCQADVNAVDDHGKSALHWAAAVNNVEATLLLLKNGANRDMQDNKEETPLFLAAREGSYEAAKILLDHFANRDITDHMDRLPRDVARDRMHHDIVRLLDEYNVTPSPPGTVLTSALSPVICGPNRSFLSLKHTPMGKKSRRPSAKSTMPTSLPNLAKEAKDAKGSRRKKSLSEKVQLSESSVTLSPVDSLESPHTYVSDTTSSPMITSPGILQASPNPMLATAAPPAPVHAQHALSFSNLHEMQPLAHGASTVLPSVSQLLSHHHIVSPGSGSAGSLSRLHPVPVPADWMNRMEVNETQYNEMFGMVLAPAEGTHPGIAPQSRPPEGKHITTPREPLPPIVTFQLIPKGSIAQPAGAPQPQSTCPPAVAGPLPTMYQIPEMARLPSVAFPTAMMPQQDGQVAQTILPAYHPFPASVGKYPTPPSQHSYASSNAAERTPSHSGHLQGEHPYLTPSPESPDQWSSSSPHSASDWSDVTTSPTPGGAGGGQRGPGTHMSEPPHNNMQVYA,ENSP00000256646
ENST00000256646,1,protein_coding,HCS__chr1_ENST00000256646_4,rs387906747,119915773:G>A,7204:C>T,2316:Q>2316:*,1,85,True,False,,NOTCH2,generic_ensref|ENSP00000256646.2|pep chromosome:GRCh38:1:119911553:120069662:-1 gene:ENSG00000134250.21 transcript:ENST00000256646.7 gene_biotype:protein_coding transcript_biotype:protein_coding gene_symbol:NOTCH2 description:notch receptor 2 [Source:HGNC Symbol;Acc:HGNC:7882] matching_proteins:ENSP00000256646.2,MPALRPALLWALLALWLCCAAPAHALQCRDGYEPCVNEGMCVTYHNGTGYCKCPEGFLGEYCQHRDPCEKNRCQNGGTCVAQAMLGKATCRCASGFTGEDCQYSTSHPCFVSRPCLNGGTCHMLSRDTYECTCQVGFTGKECQWTDACLSHPCANGSTCTTVANQFSCKCLTGFTGQKCETDVNECDIPGHCQHGGTCLNLPGSYQCQCPQGFTGQYCDSLYVPCAPSPCVNGGTCRQTGDFTFECNCLPGFEGSTCERNIDDCPNHRCQNGGVCVDGVNTYNCRCPPQWTGQFCTEDVDECLLQPNACQNGGTCANRNGGYGCVCVNGWSGDDCSENIDDCAFASCTPGSTCIDRVASFSCMCPEGKAGLLCHLDDACISNPCHKGALCDTNPLNGQYICTCPQGYKGADCTEDVDECAMANSNPCEHAGKCVNTDGAFHCECLKGYAGPRCEMDINECHSDPCQNDATCLDKIGGFTCLCMPGFKGVHCELEINECQSNPCVNNGQCVDKVNRFQCLCPPGFTGPVCQIDIDDCSSTPCLNGAKCIDHPNGYECQCATGFTGVLCEENIDNCDPDPCHHGQCQDGIDSYTCICNPGYMGAICSDQIDECYSSPCLNDGRCIDLVNGYQCNCQPGTSGVNCEINFDDCASNPCIHGICMDGINRYSCVCSPGFTGQRCNIDIDECASNPCRKGATCINGVNGFRCICPEGPHHPSCYSQVNECLSNPCIHGNCTGGLSGYKCLCDAGWVGINCEVDKNECLSNPCQNGGTCDNLVNGYRCTCKKGFKGYNCQVNIDECASNPCLNQGTCFDDISGYTCHCVLPYTGKNCQTVLAPCSPNPCENAAVCKESPNFESYTCLCAPGWQGQRCTIDIDECISKPCMNHGLCHNTQGSYMCECPPGFSGMDCEEDIDDCLANPCQNGGSCMDGVNTFSCLCLPGFTGDKCQTDMNECLSEPCKNGGTCSDYVNSYTCKCQAGFDGVHCENNINECTESSCFNGGTCVDGINSFSCLCPVGFTGSFCLHEINECSSHPCLNEGTCVDGLGTYRCSCPLGYTGKNCQTLVNLCSRSPCKNKGTCVQKKAESQCLCPSGWAGAYCDVPNVSCDIAASRRGVLVEHLCQHSGVCINAGNTHYCQCPLGYTGSYCEEQLDECASNPCQHGATCSDFIGGYRCECVPGYQGVNCEYEVDECQNQPCQNGGTCIDLVNHFKCSCPPGTRGLLCEENIDDCARGPHCLNGGQCMDRIGGYSCRCLPGFAGERCEGDINECLSNPCSSEGSLDCIQLTNDYLCVCRSAFTGRHCETFVDVCPQMPCLNGGTCAVASNMPDGFICRCPPGFSGARCQSSCGQVKCRKGEQCVHTASGPRCFCPSPRDCESGCASSPCQHGGSCHPQRQPPYYSCQCAPPFSGSRCELYTAPPSTPPATCLSQYCADKARDGVCDEACNSHACQWDGGDCSLTMENPWANCSSPLPCWDYINNQCDELCNTVECLFDNFECQGNSKTCKYDKYCADHFKDNHCDQGCNSEECGWDGLDCAADQPENLAEGTLVIVVLMPPEQLLQDARSFLRALGTLLHTNLRIKRDSQGELMVYPYYGEKSAAMKKQRMTRRSLPGEQEQEVAGSKVFLEIDNRQCVQDSDHCFKNTDAAAALLASHAIQGTLSYPLVSVVSESLTPERTQLLYLLAVAVVIILFIILLGVIMAKRKRKHGSLWLPEGFTLRRDASNHKRREPVGQDAVGLKNLSVQVSEANLIGTGTSEHWVDDEGPQPKKVKAEDEALLSEEDDPIDRRPWTQQHLEAADIRRTPSLALTPPQAEQEVDVLDVNVRGPDGCTPLMLASLRGGSSDLSDEDEDAEDSSANIITDLVYQGASLQAQTDRTGEMALHLAARYSRADAAKRLLDAGADANAQDNMGRCPLHAAVAADAQGVFQILIRNRVTDLDARMNDGTTPLILAARLAVEGMVAELINCQADVNAVDDHGKSALHWAAAVNNVEATLLLLKNGANRDMQDNKEETPLFLAAREGSYEAAKILLDHFANRDITDHMDRLPRDVARDRMHHDIVRLLDEYNVTPSPPGTVLTSALSPVICGPNRSFLSLKHTPMGKKSRRPSAKSTMPTSLPNLAKEAKDAKGSRRKKSLSEKVQLSESSVTLSPVDSLESPHTYVSDTTSSPMITSPGILQASPNPMLATAAPPAPVHAQHALSFSNLHEMQPLAHGASTVLPSVSQLLSHHHIVSPGSGSAGSLSRLHPVPVPADWMNRMEVNETQYNEMFGMVLAPAEGTHPGIAPQSRPPEGKHITTPREPLPPIVTFQLIPKGSIAQPAGAPQPQSTCPPAVAGPLPTMYQIPEMARLPSVAFPTAMMPQQDGQVAQTILPAYHPFPASVGKYPTPPSQHSYASSNAAERTPSHSGHLQGEHPYLTPSPESPDQWSSSSPHSASDWSDVTTSPTPGGAGGGQRGPGTHMSEPPHNNMQVYA,ENSP00000256646
ENST00000256646,1,protein_coding,HCS__chr1_ENST00000256646_5,rs1570654979,119915802:AAA>A,7173:TTT>T,2305:TF>2305:T(+fs),1,85,True,False,,NOTCH2,generic_ensref|ENSP00000256646.2|pep chromosome:GRCh38:1:119911553:120069662:-1 gene:ENSG00000134250.21 transcript:ENST00000256646.7 gene_biotype:protein_coding transcript_biotype:protein_coding gene_symbol:NOTCH2 description:notch receptor 2 [Source:HGNC Symbol;Acc:HGNC:7882] matching_proteins:ENSP00000256646.2,MPALRPALLWALLALWLCCAAPAHALQCRDGYEPCVNEGMCVTYHNGTGYCKCPEGFLGEYCQHRDPCEKNRCQNGGTCVAQAMLGKATCRCASGFTGEDCQYSTSHPCFVSRPCLNGGTCHMLSRDTYECTCQVGFTGKECQWTDACLSHPCANGSTCTTVANQFSCKCLTGFTGQKCETDVNECDIPGHCQHGGTCLNLPGSYQCQCPQGFTGQYCDSLYVPCAPSPCVNGGTCRQTGDFTFECNCLPGFEGSTCERNIDDCPNHRCQNGGVCVDGVNTYNCRCPPQWTGQFCTEDVDECLLQPNACQNGGTCANRNGGYGCVCVNGWSGDDCSENIDDCAFASCTPGSTCIDRVASFSCMCPEGKAGLLCHLDDACISNPCHKGALCDTNPLNGQYICTCPQGYKGADCTEDVDECAMANSNPCEHAGKCVNTDGAFHCECLKGYAGPRCEMDINECHSDPCQNDATCLDKIGGFTCLCMPGFKGVHCELEINECQSNPCVNNGQCVDKVNRFQCLCPPGFTGPVCQIDIDDCSSTPCLNGAKCIDHPNGYECQCATGFTGVLCEENIDNCDPDPCHHGQCQDGIDSYTCICNPGYMGAICSDQIDECYSSPCLNDGRCIDLVNGYQCNCQPGTSGVNCEINFDDCASNPCIHGICMDGINRYSCVCSPGFTGQRCNIDIDECASNPCRKGATCINGVNGFRCICPEGPHHPSCYSQVNECLSNPCIHGNCTGGLSGYKCLCDAGWVGINCEVDKNECLSNPCQNGGTCDNLVNGYRCTCKKGFKGYNCQVNIDECASNPCLNQGTCFDDISGYTCHCVLPYTGKNCQTVLAPCSPNPCENAAVCKESPNFESYTCLCAPGWQGQRCTIDIDECISKPCMNHGLCHNTQGSYMCECPPGFSGMDCEEDIDDCLANPCQNGGSCMDGVNTFSCLCLPGFTGDKCQTDMNECLSEPCKNGGTCSDYVNSYTCKCQAGFDGVHCENNINECTESSCFNGGTCVDGINSFSCLCPVGFTGSFCLHEINECSSHPCLNEGTCVDGLGTYRCSCPLGYTGKNCQTLVNLCSRSPCKNKGTCVQKKAESQCLCPSGWAGAYCDVPNVSCDIAASRRGVLVEHLCQHSGVCINAGNTHYCQCPLGYTGSYCEEQLDECASNPCQHGATCSDFIGGYRCECVPGYQGVNCEYEVDECQNQPCQNGGTCIDLVNHFKCSCPPGTRGLLCEENIDDCARGPHCLNGGQCMDRIGGYSCRCLPGFAGERCEGDINECLSNPCSSEGSLDCIQLTNDYLCVCRSAFTGRHCETFVDVCPQMPCLNGGTCAVASNMPDGFICRCPPGFSGARCQSSCGQVKCRKGEQCVHTASGPRCFCPSPRDCESGCASSPCQHGGSCHPQRQPPYYSCQCAPPFSGSRCELYTAPPSTPPATCLSQYCADKARDGVCDEACNSHACQWDGGDCSLTMENPWANCSSPLPCWDYINNQCDELCNTVECLFDNFECQGNSKTCKYDKYCADHFKDNHCDQGCNSEECGWDGLDCAADQPENLAEGTLVIVVLMPPEQLLQDARSFLRALGTLLHTNLRIKRDSQGELMVYPYYGEKSAAMKKQRMTRRSLPGEQEQEVAGSKVFLEIDNRQCVQDSDHCFKNTDAAAALLASHAIQGTLSYPLVSVVSESLTPERTQLLYLLAVAVVIILFIILLGVIMAKRKRKHGSLWLPEGFTLRRDASNHKRREPVGQDAVGLKNLSVQVSEANLIGTGTSEHWVDDEGPQPKKVKAEDEALLSEEDDPIDRRPWTQQHLEAADIRRTPSLALTPPQAEQEVDVLDVNVRGPDGCTPLMLASLRGGSSDLSDEDEDAEDSSANIITDLVYQGASLQAQTDRTGEMALHLAARYSRADAAKRLLDAGADANAQDNMGRCPLHAAVAADAQGVFQILIRNRVTDLDARMNDGTTPLILAARLAVEGMVAELINCQADVNAVDDHGKSALHWAAAVNNVEATLLLLKNGANRDMQDNKEETPLFLAAREGSYEAAKILLDHFANRDITDHMDRLPRDVARDRMHHDIVRLLDEYNVTPSPPGTVLTSALSPVICGPNRSFLSLKHTPMGKKSRRPSAKSTMPTSLPNLAKEAKDAKGSRRKKSLSEKVQLSESSVTLSPVDSLESPHTYVSDTTSSPMITSPGILQASPNPMLATAAPPAPVHAQHALSFSNLHEMQPLAHGASTVLPSVSQLLSHHHIVSPGSGSAGSLSRLHPVPVPADWMNRMEVNETQYNEMFGMVLAPAEGTHPGIAPQSRPPEGKHITTPREPLPPIVTFQLIPKGSIAQPAGAPQPQSTCPPAVAGPLPTMYQIPEMARLPSVAFPTAMMPQQDGQVAQTILPAYHPFPASVGKYPTPPSQHSYASSNAAERTPSHSGHLQGEHPYLTPSPESPDQWSSSSPHSASDWSDVTTSPTPGGAGGGQRGPGTHMSEPPHNNMQVYA,ENSP00000256646
ENST00000256646,1,protein_coding,HCS__chr1_ENST00000256646_6,rs771237928,119915813:GGGGGG>GGGGG,7159:CCCCCC>CCCCC,2301:PP>2301:PP(+fs),1,85,True,False,,NOTCH2,generic_ensref|ENSP00000256646.2|pep chromosome:GRCh38:1:119911553:120069662:-1 gene:ENSG00000134250.21 transcript:ENST00000256646.7 gene_biotype:protein_coding transcript_biotype:protein_coding gene_symbol:NOTCH2 description:notch receptor 2 [Source:HGNC Symbol;Acc:HGNC:7882] matching_proteins:ENSP00000256646.2,MPALRPALLWALLALWLCCAAPAHALQCRDGYEPCVNEGMCVTYHNGTGYCKCPEGFLGEYCQHRDPCEKNRCQNGGTCVAQAMLGKATCRCASGFTGEDCQYSTSHPCFVSRPCLNGGTCHMLSRDTYECTCQVGFTGKECQWTDACLSHPCANGSTCTTVANQFSCKCLTGFTGQKCETDVNECDIPGHCQHGGTCLNLPGSYQCQCPQGFTGQYCDSLYVPCAPSPCVNGGTCRQTGDFTFECNCLPGFEGSTCERNIDDCPNHRCQNGGVCVDGVNTYNCRCPPQWTGQFCTEDVDECLLQPNACQNGGTCANRNGGYGCVCVNGWSGDDCSENIDDCAFASCTPGSTCIDRVASFSCMCPEGKAGLLCHLDDACISNPCHKGALCDTNPLNGQYICTCPQGYKGADCTEDVDECAMANSNPCEHAGKCVNTDGAFHCECLKGYAGPRCEMDINECHSDPCQNDATCLDKIGGFTCLCMPGFKGVHCELEINECQSNPCVNNGQCVDKVNRFQCLCPPGFTGPVCQIDIDDCSSTPCLNGAKCIDHPNGYECQCATGFTGVLCEENIDNCDPDPCHHGQCQDGIDSYTCICNPGYMGAICSDQIDECYSSPCLNDGRCIDLVNGYQCNCQPGTSGVNCEINFDDCASNPCIHGICMDGINRYSCVCSPGFTGQRCNIDIDECASNPCRKGATCINGVNGFRCICPEGPHHPSCYSQVNECLSNPCIHGNCTGGLSGYKCLCDAGWVGINCEVDKNECLSNPCQNGGTCDNLVNGYRCTCKKGFKGYNCQVNIDECASNPCLNQGTCFDDISGYTCHCVLPYTGKNCQTVLAPCSPNPCENAAVCKESPNFESYTCLCAPGWQGQRCTIDIDECISKPCMNHGLCHNTQGSYMCECPPGFSGMDCEEDIDDCLANPCQNGGSCMDGVNTFSCLCLPGFTGDKCQTDMNECLSEPCKNGGTCSDYVNSYTCKCQAGFDGVHCENNINECTESSCFNGGTCVDGINSFSCLCPVGFTGSFCLHEINECSSHPCLNEGTCVDGLGTYRCSCPLGYTGKNCQTLVNLCSRSPCKNKGTCVQKKAESQCLCPSGWAGAYCDVPNVSCDIAASRRGVLVEHLCQHSGVCINAGNTHYCQCPLGYTGSYCEEQLDECASNPCQHGATCSDFIGGYRCECVPGYQGVNCEYEVDECQNQPCQNGGTCIDLVNHFKCSCPPGTRGLLCEENIDDCARGPHCLNGGQCMDRIGGYSCRCLPGFAGERCEGDINECLSNPCSSEGSLDCIQLTNDYLCVCRSAFTGRHCETFVDVCPQMPCLNGGTCAVASNMPDGFICRCPPGFSGARCQSSCGQVKCRKGEQCVHTASGPRCFCPSPRDCESGCASSPCQHGGSCHPQRQPPYYSCQCAPPFSGSRCELYTAPPSTPPATCLSQYCADKARDGVCDEACNSHACQWDGGDCSLTMENPWANCSSPLPCWDYINNQCDELCNTVECLFDNFECQGNSKTCKYDKYCADHFKDNHCDQGCNSEECGWDGLDCAADQPENLAEGTLVIVVLMPPEQLLQDARSFLRALGTLLHTNLRIKRDSQGELMVYPYYGEKSAAMKKQRMTRRSLPGEQEQEVAGSKVFLEIDNRQCVQDSDHCFKNTDAAAALLASHAIQGTLSYPLVSVVSESLTPERTQLLYLLAVAVVIILFIILLGVIMAKRKRKHGSLWLPEGFTLRRDASNHKRREPVGQDAVGLKNLSVQVSEANLIGTGTSEHWVDDEGPQPKKVKAEDEALLSEEDDPIDRRPWTQQHLEAADIRRTPSLALTPPQAEQEVDVLDVNVRGPDGCTPLMLASLRGGSSDLSDEDEDAEDSSANIITDLVYQGASLQAQTDRTGEMALHLAARYSRADAAKRLLDAGADANAQDNMGRCPLHAAVAADAQGVFQILIRNRVTDLDARMNDGTTPLILAARLAVEGMVAELINCQADVNAVDDHGKSALHWAAAVNNVEATLLLLKNGANRDMQDNKEETPLFLAAREGSYEAAKILLDHFANRDITDHMDRLPRDVARDRMHHDIVRLLDEYNVTPSPPGTVLTSALSPVICGPNRSFLSLKHTPMGKKSRRPSAKSTMPTSLPNLAKEAKDAKGSRRKKSLSEKVQLSESSVTLSPVDSLESPHTYVSDTTSSPMITSPGILQASPNPMLATAAPPAPVHAQHALSFSNLHEMQPLAHGASTVLPSVSQLLSHHHIVSPGSGSAGSLSRLHPVPVPADWMNRMEVNETQYNEMFGMVLAPAEGTHPGIAPQSRPPEGKHITTPREPLPPIVTFQLIPKGSIAQPAGAPQPQSTCPPAVAGPLPTMYQIPEMARLPSVAFPTAMMPQQDGQVAQTILPAYHPFPASVGKYPTPPSQHSYASSNAAERTPSHSGHLQGEHPYLTPSPESPDQWSSSSPHSASDWSDVTTSPTPGGAGGGQRGPGTHMSEPPHNNMQVYA,ENSP00000256646
ENST00000256646,1,protein_coding,HCS__chr1_ENST00000256646_7,rs771237928,119915813:GGGGGG>GGGGGGG,7159:CCCCCC>CCCCCCC,2301:PP>2301:PPH(+fs),1,85,True,False,,NOTCH2,generic_ensref|ENSP00000256646.2|pep chromosome:GRCh38:1:119911553:120069662:-1 gene:ENSG00000134250.21 transcript:ENST00000256646.7 gene_biotype:protein_coding transcript_biotype:protein_coding gene_symbol:NOTCH2 description:notch receptor 2 [Source:HGNC Symbol;Acc:HGNC:7882] matching_proteins:ENSP00000256646.2,MPALRPALLWALLALWLCCAAPAHALQCRDGYEPCVNEGMCVTYHNGTGYCKCPEGFLGEYCQHRDPCEKNRCQNGGTCVAQAMLGKATCRCASGFTGEDCQYSTSHPCFVSRPCLNGGTCHMLSRDTYECTCQVGFTGKECQWTDACLSHPCANGSTCTTVANQFSCKCLTGFTGQKCETDVNECDIPGHCQHGGTCLNLPGSYQCQCPQGFTGQYCDSLYVPCAPSPCVNGGTCRQTGDFTFECNCLPGFEGSTCERNIDDCPNHRCQNGGVCVDGVNTYNCRCPPQWTGQFCTEDVDECLLQPNACQNGGTCANRNGGYGCVCVNGWSGDDCSENIDDCAFASCTPGSTCIDRVASFSCMCPEGKAGLLCHLDDACISNPCHKGALCDTNPLNGQYICTCPQGYKGADCTEDVDECAMANSNPCEHAGKCVNTDGAFHCECLKGYAGPRCEMDINECHSDPCQNDATCLDKIGGFTCLCMPGFKGVHCELEINECQSNPCVNNGQCVDKVNRFQCLCPPGFTGPVCQIDIDDCSSTPCLNGAKCIDHPNGYECQCATGFTGVLCEENIDNCDPDPCHHGQCQDGIDSYTCICNPGYMGAICSDQIDECYSSPCLNDGRCIDLVNGYQCNCQPGTSGVNCEINFDDCASNPCIHGICMDGINRYSCVCSPGFTGQRCNIDIDECASNPCRKGATCINGVNGFRCICPEGPHHPSCYSQVNECLSNPCIHGNCTGGLSGYKCLCDAGWVGINCEVDKNECLSNPCQNGGTCDNLVNGYRCTCKKGFKGYNCQVNIDECASNPCLNQGTCFDDISGYTCHCVLPYTGKNCQTVLAPCSPNPCENAAVCKESPNFESYTCLCAPGWQGQRCTIDIDECISKPCMNHGLCHNTQGSYMCECPPGFSGMDCEEDIDDCLANPCQNGGSCMDGVNTFSCLCLPGFTGDKCQTDMNECLSEPCKNGGTCSDYVNSYTCKCQAGFDGVHCENNINECTESSCFNGGTCVDGINSFSCLCPVGFTGSFCLHEINECSSHPCLNEGTCVDGLGTYRCSCPLGYTGKNCQTLVNLCSRSPCKNKGTCVQKKAESQCLCPSGWAGAYCDVPNVSCDIAASRRGVLVEHLCQHSGVCINAGNTHYCQCPLGYTGSYCEEQLDECASNPCQHGATCSDFIGGYRCECVPGYQGVNCEYEVDECQNQPCQNGGTCIDLVNHFKCSCPPGTRGLLCEENIDDCARGPHCLNGGQCMDRIGGYSCRCLPGFAGERCEGDINECLSNPCSSEGSLDCIQLTNDYLCVCRSAFTGRHCETFVDVCPQMPCLNGGTCAVASNMPDGFICRCPPGFSGARCQSSCGQVKCRKGEQCVHTASGPRCFCPSPRDCESGCASSPCQHGGSCHPQRQPPYYSCQCAPPFSGSRCELYTAPPSTPPATCLSQYCADKARDGVCDEACNSHACQWDGGDCSLTMENPWANCSSPLPCWDYINNQCDELCNTVECLFDNFECQGNSKTCKYDKYCADHFKDNHCDQGCNSEECGWDGLDCAADQPENLAEGTLVIVVLMPPEQLLQDARSFLRALGTLLHTNLRIKRDSQGELMVYPYYGEKSAAMKKQRMTRRSLPGEQEQEVAGSKVFLEIDNRQCVQDSDHCFKNTDAAAALLASHAIQGTLSYPLVSVVSESLTPERTQLLYLLAVAVVIILFIILLGVIMAKRKRKHGSLWLPEGFTLRRDASNHKRREPVGQDAVGLKNLSVQVSEANLIGTGTSEHWVDDEGPQPKKVKAEDEALLSEEDDPIDRRPWTQQHLEAADIRRTPSLALTPPQAEQEVDVLDVNVRGPDGCTPLMLASLRGGSSDLSDEDEDAEDSSANIITDLVYQGASLQAQTDRTGEMALHLAARYSRADAAKRLLDAGADANAQDNMGRCPLHAAVAADAQGVFQILIRNRVTDLDARMNDGTTPLILAARLAVEGMVAELINCQADVNAVDDHGKSALHWAAAVNNVEATLLLLKNGANRDMQDNKEETPLFLAAREGSYEAAKILLDHFANRDITDHMDRLPRDVARDRMHHDIVRLLDEYNVTPSPPGTVLTSALSPVICGPNRSFLSLKHTPMGKKSRRPSAKSTMPTSLPNLAKEAKDAKGSRRKKSLSEKVQLSESSVTLSPVDSLESPHTYVSDTTSSPMITSPGILQASPNPMLATAAPPAPVHAQHALSFSNLHEMQPLAHGASTVLPSVSQLLSHHHIVSPGSGSAGSLSRLHPVPVPADWMNRMEVNETQYNEMFGMVLAPAEGTHPGIAPQSRPPEGKHITTPREPLPPIVTFQLIPKGSIAQPAGAPQPQSTCPPAVAGPLPTMYQIPEMARLPSVAFPTAMMPQQDGQVAQTILPAYHPFPASVGKYPTPPSQHSYASSNAAERTPSHSGHLQGEHPYLTPSPESPDQWSSSSPHSASDWSDVTTSPTPGGAGGGQRGPGTHMSEPPHNNMQVYA,ENSP00000256646
ENST00000256646,1,protein_coding,HCS__chr1_ENST00000256646_8,rs387906748,119915827:C>A,7150:G>T,2298:E>2298:*,1,85,True,False,,NOTCH2,generic_ensref|ENSP00000256646.2|pep chromosome:GRCh38:1:119911553:120069662:-1 gene:ENSG00000134250.21 transcript:ENST00000256646.7 gene_biotype:protein_coding transcript_biotype:protein_coding gene_symbol:NOTCH2 description:notch receptor 2 [Source:HGNC Symbol;Acc:HGNC:7882] matching_proteins:ENSP00000256646.2,MPALRPALLWALLALWLCCAAPAHALQCRDGYEPCVNEGMCVTYHNGTGYCKCPEGFLGEYCQHRDPCEKNRCQNGGTCVAQAMLGKATCRCASGFTGEDCQYSTSHPCFVSRPCLNGGTCHMLSRDTYECTCQVGFTGKECQWTDACLSHPCANGSTCTTVANQFSCKCLTGFTGQKCETDVNECDIPGHCQHGGTCLNLPGSYQCQCPQGFTGQYCDSLYVPCAPSPCVNGGTCRQTGDFTFECNCLPGFEGSTCERNIDDCPNHRCQNGGVCVDGVNTYNCRCPPQWTGQFCTEDVDECLLQPNACQNGGTCANRNGGYGCVCVNGWSGDDCSENIDDCAFASCTPGSTCIDRVASFSCMCPEGKAGLLCHLDDACISNPCHKGALCDTNPLNGQYICTCPQGYKGADCTEDVDECAMANSNPCEHAGKCVNTDGAFHCECLKGYAGPRCEMDINECHSDPCQNDATCLDKIGGFTCLCMPGFKGVHCELEINECQSNPCVNNGQCVDKVNRFQCLCPPGFTGPVCQIDIDDCSSTPCLNGAKCIDHPNGYECQCATGFTGVLCEENIDNCDPDPCHHGQCQDGIDSYTCICNPGYMGAICSDQIDECYSSPCLNDGRCIDLVNGYQCNCQPGTSGVNCEINFDDCASNPCIHGICMDGINRYSCVCSPGFTGQRCNIDIDECASNPCRKGATCINGVNGFRCICPEGPHHPSCYSQVNECLSNPCIHGNCTGGLSGYKCLCDAGWVGINCEVDKNECLSNPCQNGGTCDNLVNGYRCTCKKGFKGYNCQVNIDECASNPCLNQGTCFDDISGYTCHCVLPYTGKNCQTVLAPCSPNPCENAAVCKESPNFESYTCLCAPGWQGQRCTIDIDECISKPCMNHGLCHNTQGSYMCECPPGFSGMDCEEDIDDCLANPCQNGGSCMDGVNTFSCLCLPGFTGDKCQTDMNECLSEPCKNGGTCSDYVNSYTCKCQAGFDGVHCENNINECTESSCFNGGTCVDGINSFSCLCPVGFTGSFCLHEINECSSHPCLNEGTCVDGLGTYRCSCPLGYTGKNCQTLVNLCSRSPCKNKGTCVQKKAESQCLCPSGWAGAYCDVPNVSCDIAASRRGVLVEHLCQHSGVCINAGNTHYCQCPLGYTGSYCEEQLDECASNPCQHGATCSDFIGGYRCECVPGYQGVNCEYEVDECQNQPCQNGGTCIDLVNHFKCSCPPGTRGLLCEENIDDCARGPHCLNGGQCMDRIGGYSCRCLPGFAGERCEGDINECLSNPCSSEGSLDCIQLTNDYLCVCRSAFTGRHCETFVDVCPQMPCLNGGTCAVASNMPDGFICRCPPGFSGARCQSSCGQVKCRKGEQCVHTASGPRCFCPSPRDCESGCASSPCQHGGSCHPQRQPPYYSCQCAPPFSGSRCELYTAPPSTPPATCLSQYCADKARDGVCDEACNSHACQWDGGDCSLTMENPWANCSSPLPCWDYINNQCDELCNTVECLFDNFECQGNSKTCKYDKYCADHFKDNHCDQGCNSEECGWDGLDCAADQPENLAEGTLVIVVLMPPEQLLQDARSFLRALGTLLHTNLRIKRDSQGELMVYPYYGEKSAAMKKQRMTRRSLPGEQEQEVAGSKVFLEIDNRQCVQDSDHCFKNTDAAAALLASHAIQGTLSYPLVSVVSESLTPERTQLLYLLAVAVVIILFIILLGVIMAKRKRKHGSLWLPEGFTLRRDASNHKRREPVGQDAVGLKNLSVQVSEANLIGTGTSEHWVDDEGPQPKKVKAEDEALLSEEDDPIDRRPWTQQHLEAADIRRTPSLALTPPQAEQEVDVLDVNVRGPDGCTPLMLASLRGGSSDLSDEDEDAEDSSANIITDLVYQGASLQAQTDRTGEMALHLAARYSRADAAKRLLDAGADANAQDNMGRCPLHAAVAADAQGVFQILIRNRVTDLDARMNDGTTPLILAARLAVEGMVAELINCQADVNAVDDHGKSALHWAAAVNNVEATLLLLKNGANRDMQDNKEETPLFLAAREGSYEAAKILLDHFANRDITDHMDRLPRDVARDRMHHDIVRLLDEYNVTPSPPGTVLTSALSPVICGPNRSFLSLKHTPMGKKSRRPSAKSTMPTSLPNLAKEAKDAKGSRRKKSLSEKVQLSESSVTLSPVDSLESPHTYVSDTTSSPMITSPGILQASPNPMLATAAPPAPVHAQHALSFSNLHEMQPLAHGASTVLPSVSQLLSHHHIVSPGSGSAGSLSRLHPVPVPADWMNRMEVNETQYNEMFGMVLAPAEGTHPGIAPQSRPPEGKHITTPREPLPPIVTFQLIPKGSIAQPAGAPQPQSTCPPAVAGPLPTMYQIPEMARLPSVAFPTAMMPQQDGQVAQTILPAYHPFPASVGKYPTPPSQHSYASSNAAERTPSHSGHLQGEHPYLTPSPESPDQWSSSSPHSASDWSDVTTSPTPGGAGGGQRGPGTHMSEPPHNNMQVYA,ENSP00000256646
ENST00000256646,1,protein_coding,HCS__chr1_ENST00000256646_9,VCV001685986,119915890:T>TT,7087:A>AA,2277:T>2277:N(+fs),1,85,True,False,,NOTCH2,generic_ensref|ENSP00000256646.2|pep chromosome:GRCh38:1:119911553:120069662:-1 gene:ENSG00000134250.21 transcript:ENST00000256646.7 gene_biotype:protein_coding transcript_biotype:protein_coding gene_symbol:NOTCH2 description:notch receptor 2 [Source:HGNC Symbol;Acc:HGNC:7882] matching_proteins:ENSP00000256646.2,MPALRPALLWALLALWLCCAAPAHALQCRDGYEPCVNEGMCVTYHNGTGYCKCPEGFLGEYCQHRDPCEKNRCQNGGTCVAQAMLGKATCRCASGFTGEDCQYSTSHPCFVSRPCLNGGTCHMLSRDTYECTCQVGFTGKECQWTDACLSHPCANGSTCTTVANQFSCKCLTGFTGQKCETDVNECDIPGHCQHGGTCLNLPGSYQCQCPQGFTGQYCDSLYVPCAPSPCVNGGTCRQTGDFTFECNCLPGFEGSTCERNIDDCPNHRCQNGGVCVDGVNTYNCRCPPQWTGQFCTEDVDECLLQPNACQNGGTCANRNGGYGCVCVNGWSGDDCSENIDDCAFASCTPGSTCIDRVASFSCMCPEGKAGLLCHLDDACISNPCHKGALCDTNPLNGQYICTCPQGYKGADCTEDVDECAMANSNPCEHAGKCVNTDGAFHCECLKGYAGPRCEMDINECHSDPCQNDATCLDKIGGFTCLCMPGFKGVHCELEINECQSNPCVNNGQCVDKVNRFQCLCPPGFTGPVCQIDIDDCSSTPCLNGAKCIDHPNGYECQCATGFTGVLCEENIDNCDPDPCHHGQCQDGIDSYTCICNPGYMGAICSDQIDECYSSPCLNDGRCIDLVNGYQCNCQPGTSGVNCEINFDDCASNPCIHGICMDGINRYSCVCSPGFTGQRCNIDIDECASNPCRKGATCINGVNGFRCICPEGPHHPSCYSQVNECLSNPCIHGNCTGGLSGYKCLCDAGWVGINCEVDKNECLSNPCQNGGTCDNLVNGYRCTCKKGFKGYNCQVNIDECASNPCLNQGTCFDDISGYTCHCVLPYTGKNCQTVLAPCSPNPCENAAVCKESPNFESYTCLCAPGWQGQRCTIDIDECISKPCMNHGLCHNTQGSYMCECPPGFSGMDCEEDIDDCLANPCQNGGSCMDGVNTFSCLCLPGFTGDKCQTDMNECLSEPCKNGGTCSDYVNSYTCKCQAGFDGVHCENNINECTESSCFNGGTCVDGINSFSCLCPVGFTGSFCLHEINECSSHPCLNEGTCVDGLGTYRCSCPLGYTGKNCQTLVNLCSRSPCKNKGTCVQKKAESQCLCPSGWAGAYCDVPNVSCDIAASRRGVLVEHLCQHSGVCINAGNTHYCQCPLGYTGSYCEEQLDECASNPCQHGATCSDFIGGYRCECVPGYQGVNCEYEVDECQNQPCQNGGTCIDLVNHFKCSCPPGTRGLLCEENIDDCARGPHCLNGGQCMDRIGGYSCRCLPGFAGERCEGDINECLSNPCSSEGSLDCIQLTNDYLCVCRSAFTGRHCETFVDVCPQMPCLNGGTCAVASNMPDGFICRCPPGFSGARCQSSCGQVKCRKGEQCVHTASGPRCFCPSPRDCESGCASSPCQHGGSCHPQRQPPYYSCQCAPPFSGSRCELYTAPPSTPPATCLSQYCADKARDGVCDEACNSHACQWDGGDCSLTMENPWANCSSPLPCWDYINNQCDELCNTVECLFDNFECQGNSKTCKYDKYCADHFKDNHCDQGCNSEECGWDGLDCAADQPENLAEGTLVIVVLMPPEQLLQDARSFLRALGTLLHTNLRIKRDSQGELMVYPYYGEKSAAMKKQRMTRRSLPGEQEQEVAGSKVFLEIDNRQCVQDSDHCFKNTDAAAALLASHAIQGTLSYPLVSVVSESLTPERTQLLYLLAVAVVIILFIILLGVIMAKRKRKHGSLWLPEGFTLRRDASNHKRREPVGQDAVGLKNLSVQVSEANLIGTGTSEHWVDDEGPQPKKVKAEDEALLSEEDDPIDRRPWTQQHLEAADIRRTPSLALTPPQAEQEVDVLDVNVRGPDGCTPLMLASLRGGSSDLSDEDEDAEDSSANIITDLVYQGASLQAQTDRTGEMALHLAARYSRADAAKRLLDAGADANAQDNMGRCPLHAAVAADAQGVFQILIRNRVTDLDARMNDGTTPLILAARLAVEGMVAELINCQADVNAVDDHGKSALHWAAAVNNVEATLLLLKNGANRDMQDNKEETPLFLAAREGSYEAAKILLDHFANRDITDHMDRLPRDVARDRMHHDIVRLLDEYNVTPSPPGTVLTSALSPVICGPNRSFLSLKHTPMGKKSRRPSAKSTMPTSLPNLAKEAKDAKGSRRKKSLSEKVQLSESSVTLSPVDSLESPHTYVSDTTSSPMITSPGILQASPNPMLATAAPPAPVHAQHALSFSNLHEMQPLAHGASTVLPSVSQLLSHHHIVSPGSGSAGSLSRLHPVPVPADWMNRMEVNETQYNEMFGMVLAPAEGTHPGIAPQSRPPEGKHITTPREPLPPIVTFQLIPKGSIAQPAGAPQPQSTCPPAVAGPLPTMYQIPEMARLPSVAFPTAMMPQQDGQVAQTILPAYHPFPASVGKYPTPPSQHSYASSNAAERTPSHSGHLQGEHPYLTPSPESPDQWSSSSPHSASDWSDVTTSPTPGGAGGGQRGPGTHMSEPPHNNMQVYA,ENSP00000256646
ENST00000256646,1,protein_coding,HCS__chr1_ENST00000256646_a,VCV001805545,119916055:G>A,6922:C>T,2222:Q>2222:*,1,85,True,False,,NOTCH2,generic_ensref|ENSP00000256646.2|pep chromosome:GRCh38:1:119911553:120069662:-1 gene:ENSG00000134250.21 transcript:ENST00000256646.7 gene_biotype:protein_coding transcript_biotype:protein_coding gene_symbol:NOTCH2 description:notch receptor 2 [Source:HGNC Symbol;Acc:HGNC:7882] matching_proteins:ENSP00000256646.2,MPALRPALLWALLALWLCCAAPAHALQCRDGYEPCVNEGMCVTYHNGTGYCKCPEGFLGEYCQHRDPCEKNRCQNGGTCVAQAMLGKATCRCASGFTGEDCQYSTSHPCFVSRPCLNGGTCHMLSRDTYECTCQVGFTGKECQWTDACLSHPCANGSTCTTVANQFSCKCLTGFTGQKCETDVNECDIPGHCQHGGTCLNLPGSYQCQCPQGFTGQYCDSLYVPCAPSPCVNGGTCRQTGDFTFECNCLPGFEGSTCERNIDDCPNHRCQNGGVCVDGVNTYNCRCPPQWTGQFCTEDVDECLLQPNACQNGGTCANRNGGYGCVCVNGWSGDDCSENIDDCAFASCTPGSTCIDRVASFSCMCPEGKAGLLCHLDDACISNPCHKGALCDTNPLNGQYICTCPQGYKGADCTEDVDECAMANSNPCEHAGKCVNTDGAFHCECLKGYAGPRCEMDINECHSDPCQNDATCLDKIGGFTCLCMPGFKGVHCELEINECQSNPCVNNGQCVDKVNRFQCLCPPGFTGPVCQIDIDDCSSTPCLNGAKCIDHPNGYECQCATGFTGVLCEENIDNCDPDPCHHGQCQDGIDSYTCICNPGYMGAICSDQIDECYSSPCLNDGRCIDLVNGYQCNCQPGTSGVNCEINFDDCASNPCIHGICMDGINRYSCVCSPGFTGQRCNIDIDECASNPCRKGATCINGVNGFRCICPEGPHHPSCYSQVNECLSNPCIHGNCTGGLSGYKCLCDAGWVGINCEVDKNECLSNPCQNGGTCDNLVNGYRCTCKKGFKGYNCQVNIDECASNPCLNQGTCFDDISGYTCHCVLPYTGKNCQTVLAPCSPNPCENAAVCKESPNFESYTCLCAPGWQGQRCTIDIDECISKPCMNHGLCHNTQGSYMCECPPGFSGMDCEEDIDDCLANPCQNGGSCMDGVNTFSCLCLPGFTGDKCQTDMNECLSEPCKNGGTCSDYVNSYTCKCQAGFDGVHCENNINECTESSCFNGGTCVDGINSFSCLCPVGFTGSFCLHEINECSSHPCLNEGTCVDGLGTYRCSCPLGYTGKNCQTLVNLCSRSPCKNKGTCVQKKAESQCLCPSGWAGAYCDVPNVSCDIAASRRGVLVEHLCQHSGVCINAGNTHYCQCPLGYTGSYCEEQLDECASNPCQHGATCSDFIGGYRCECVPGYQGVNCEYEVDECQNQPCQNGGTCIDLVNHFKCSCPPGTRGLLCEENIDDCARGPHCLNGGQCMDRIGGYSCRCLPGFAGERCEGDINECLSNPCSSEGSLDCIQLTNDYLCVCRSAFTGRHCETFVDVCPQMPCLNGGTCAVASNMPDGFICRCPPGFSGARCQSSCGQVKCRKGEQCVHTASGPRCFCPSPRDCESGCASSPCQHGGSCHPQRQPPYYSCQCAPPFSGSRCELYTAPPSTPPATCLSQYCADKARDGVCDEACNSHACQWDGGDCSLTMENPWANCSSPLPCWDYINNQCDELCNTVECLFDNFECQGNSKTCKYDKYCADHFKDNHCDQGCNSEECGWDGLDCAADQPENLAEGTLVIVVLMPPEQLLQDARSFLRALGTLLHTNLRIKRDSQGELMVYPYYGEKSAAMKKQRMTRRSLPGEQEQEVAGSKVFLEIDNRQCVQDSDHCFKNTDAAAALLASHAIQGTLSYPLVSVVSESLTPERTQLLYLLAVAVVIILFIILLGVIMAKRKRKHGSLWLPEGFTLRRDASNHKRREPVGQDAVGLKNLSVQVSEANLIGTGTSEHWVDDEGPQPKKVKAEDEALLSEEDDPIDRRPWTQQHLEAADIRRTPSLALTPPQAEQEVDVLDVNVRGPDGCTPLMLASLRGGSSDLSDEDEDAEDSSANIITDLVYQGASLQAQTDRTGEMALHLAARYSRADAAKRLLDAGADANAQDNMGRCPLHAAVAADAQGVFQILIRNRVTDLDARMNDGTTPLILAARLAVEGMVAELINCQADVNAVDDHGKSALHWAAAVNNVEATLLLLKNGANRDMQDNKEETPLFLAAREGSYEAAKILLDHFANRDITDHMDRLPRDVARDRMHHDIVRLLDEYNVTPSPPGTVLTSALSPVICGPNRSFLSLKHTPMGKKSRRPSAKSTMPTSLPNLAKEAKDAKGSRRKKSLSEKVQLSESSVTLSPVDSLESPHTYVSDTTSSPMITSPGILQASPNPMLATAAPPAPVHAQHALSFSNLHEMQPLAHGASTVLPSVSQLLSHHHIVSPGSGSAGSLSRLHPVPVPADWMNRMEVNETQYNEMFGMVLAPAEGTHPGIAPQSRPPEGKHITTPREPLPPIVTFQLIPKGSIAQPAGAPQPQSTCPPAVAGPLPTMYQIPEMARLPSVAFPTAMMPQQDGQVAQTILPAYHPFPASVGKYPTPPSQHSYASSNAAERTPSHSGHLQGEHPYLTPSPESPDQWSSSSPHSASDWSDVTTSPTPGGAGGGQRGPGTHMSEPPHNNMQVYA,ENSP00000256646
ENST00000256646,1,protein_coding,HCS__chr1_ENST00000256646_b,rs387906746,119916100:G>A,6877:C>T,2207:Q>2207:*,1,85,True,False,,NOTCH2,generic_ensref|ENSP00000256646.2|pep chromosome:GRCh38:1:119911553:120069662:-1 gene:ENSG00000134250.21 transcript:ENST00000256646.7 gene_biotype:protein_coding transcript_biotype:protein_coding gene_symbol:NOTCH2 description:notch receptor 2 [Source:HGNC Symbol;Acc:HGNC:7882] matching_proteins:ENSP00000256646.2,MPALRPALLWALLALWLCCAAPAHALQCRDGYEPCVNEGMCVTYHNGTGYCKCPEGFLGEYCQHRDPCEKNRCQNGGTCVAQAMLGKATCRCASGFTGEDCQYSTSHPCFVSRPCLNGGTCHMLSRDTYECTCQVGFTGKECQWTDACLSHPCANGSTCTTVANQFSCKCLTGFTGQKCETDVNECDIPGHCQHGGTCLNLPGSYQCQCPQGFTGQYCDSLYVPCAPSPCVNGGTCRQTGDFTFECNCLPGFEGSTCERNIDDCPNHRCQNGGVCVDGVNTYNCRCPPQWTGQFCTEDVDECLLQPNACQNGGTCANRNGGYGCVCVNGWSGDDCSENIDDCAFASCTPGSTCIDRVASFSCMCPEGKAGLLCHLDDACISNPCHKGALCDTNPLNGQYICTCPQGYKGADCTEDVDECAMANSNPCEHAGKCVNTDGAFHCECLKGYAGPRCEMDINECHSDPCQNDATCLDKIGGFTCLCMPGFKGVHCELEINECQSNPCVNNGQCVDKVNRFQCLCPPGFTGPVCQIDIDDCSSTPCLNGAKCIDHPNGYECQCATGFTGVLCEENIDNCDPDPCHHGQCQDGIDSYTCICNPGYMGAICSDQIDECYSSPCLNDGRCIDLVNGYQCNCQPGTSGVNCEINFDDCASNPCIHGICMDGINRYSCVCSPGFTGQRCNIDIDECASNPCRKGATCINGVNGFRCICPEGPHHPSCYSQVNECLSNPCIHGNCTGGLSGYKCLCDAGWVGINCEVDKNECLSNPCQNGGTCDNLVNGYRCTCKKGFKGYNCQVNIDECASNPCLNQGTCFDDISGYTCHCVLPYTGKNCQTVLAPCSPNPCENAAVCKESPNFESYTCLCAPGWQGQRCTIDIDECISKPCMNHGLCHNTQGSYMCECPPGFSGMDCEEDIDDCLANPCQNGGSCMDGVNTFSCLCLPGFTGDKCQTDMNECLSEPCKNGGTCSDYVNSYTCKCQAGFDGVHCENNINECTESSCFNGGTCVDGINSFSCLCPVGFTGSFCLHEINECSSHPCLNEGTCVDGLGTYRCSCPLGYTGKNCQTLVNLCSRSPCKNKGTCVQKKAESQCLCPSGWAGAYCDVPNVSCDIAASRRGVLVEHLCQHSGVCINAGNTHYCQCPLGYTGSYCEEQLDECASNPCQHGATCSDFIGGYRCECVPGYQGVNCEYEVDECQNQPCQNGGTCIDLVNHFKCSCPPGTRGLLCEENIDDCARGPHCLNGGQCMDRIGGYSCRCLPGFAGERCEGDINECLSNPCSSEGSLDCIQLTNDYLCVCRSAFTGRHCETFVDVCPQMPCLNGGTCAVASNMPDGFICRCPPGFSGARCQSSCGQVKCRKGEQCVHTASGPRCFCPSPRDCESGCASSPCQHGGSCHPQRQPPYYSCQCAPPFSGSRCELYTAPPSTPPATCLSQYCADKARDGVCDEACNSHACQWDGGDCSLTMENPWANCSSPLPCWDYINNQCDELCNTVECLFDNFECQGNSKTCKYDKYCADHFKDNHCDQGCNSEECGWDGLDCAADQPENLAEGTLVIVVLMPPEQLLQDARSFLRALGTLLHTNLRIKRDSQGELMVYPYYGEKSAAMKKQRMTRRSLPGEQEQEVAGSKVFLEIDNRQCVQDSDHCFKNTDAAAALLASHAIQGTLSYPLVSVVSESLTPERTQLLYLLAVAVVIILFIILLGVIMAKRKRKHGSLWLPEGFTLRRDASNHKRREPVGQDAVGLKNLSVQVSEANLIGTGTSEHWVDDEGPQPKKVKAEDEALLSEEDDPIDRRPWTQQHLEAADIRRTPSLALTPPQAEQEVDVLDVNVRGPDGCTPLMLASLRGGSSDLSDEDEDAEDSSANIITDLVYQGASLQAQTDRTGEMALHLAARYSRADAAKRLLDAGADANAQDNMGRCPLHAAVAADAQGVFQILIRNRVTDLDARMNDGTTPLILAARLAVEGMVAELINCQADVNAVDDHGKSALHWAAAVNNVEATLLLLKNGANRDMQDNKEETPLFLAAREGSYEAAKILLDHFANRDITDHMDRLPRDVARDRMHHDIVRLLDEYNVTPSPPGTVLTSALSPVICGPNRSFLSLKHTPMGKKSRRPSAKSTMPTSLPNLAKEAKDAKGSRRKKSLSEKVQLSESSVTLSPVDSLESPHTYVSDTTSSPMITSPGILQASPNPMLATAAPPAPVHAQHALSFSNLHEMQPLAHGASTVLPSVSQLLSHHHIVSPGSGSAGSLSRLHPVPVPADWMNRMEVNETQYNEMFGMVLAPAEGTHPGIAPQSRPPEGKHITTPREPLPPIVTFQLIPKGSIAQPAGAPQPQSTCPPAVAGPLPTMYQIPEMARLPSVAFPTAMMPQQDGQVAQTILPAYHPFPASVGKYPTPPSQHSYASSNAAERTPSHSGHLQGEHPYLTPSPESPDQWSSSSPHSASDWSDVTTSPTPGGAGGGQRGPGTHMSEPPHNNMQVYA,ENSP00000256646
ENST00000256646,1,protein_coding,HCS__chr1_ENST00000256646_c,VCV001329467,119916136:G>A,6841:C>T,2195:Q>2195:*,1,85,True,False,,NOTCH2,generic_ensref|ENSP00000256646.2|pep chromosome:GRCh38:1:119911553:120069662:-1 gene:ENSG00000134250.21 transcript:ENST00000256646.7 gene_biotype:protein_coding transcript_biotype:protein_coding gene_symbol:NOTCH2 description:notch receptor 2 [Source:HGNC Symbol;Acc:HGNC:7882] matching_proteins:ENSP00000256646.2,MPALRPALLWALLALWLCCAAPAHALQCRDGYEPCVNEGMCVTYHNGTGYCKCPEGFLGEYCQHRDPCEKNRCQNGGTCVAQAMLGKATCRCASGFTGEDCQYSTSHPCFVSRPCLNGGTCHMLSRDTYECTCQVGFTGKECQWTDACLSHPCANGSTCTTVANQFSCKCLTGFTGQKCETDVNECDIPGHCQHGGTCLNLPGSYQCQCPQGFTGQYCDSLYVPCAPSPCVNGGTCRQTGDFTFECNCLPGFEGSTCERNIDDCPNHRCQNGGVCVDGVNTYNCRCPPQWTGQFCTEDVDECLLQPNACQNGGTCANRNGGYGCVCVNGWSGDDCSENIDDCAFASCTPGSTCIDRVASFSCMCPEGKAGLLCHLDDACISNPCHKGALCDTNPLNGQYICTCPQGYKGADCTEDVDECAMANSNPCEHAGKCVNTDGAFHCECLKGYAGPRCEMDINECHSDPCQNDATCLDKIGGFTCLCMPGFKGVHCELEINECQSNPCVNNGQCVDKVNRFQCLCPPGFTGPVCQIDIDDCSSTPCLNGAKCIDHPNGYECQCATGFTGVLCEENIDNCDPDPCHHGQCQDGIDSYTCICNPGYMGAICSDQIDECYSSPCLNDGRCIDLVNGYQCNCQPGTSGVNCEINFDDCASNPCIHGICMDGINRYSCVCSPGFTGQRCNIDIDECASNPCRKGATCINGVNGFRCICPEGPHHPSCYSQVNECLSNPCIHGNCTGGLSGYKCLCDAGWVGINCEVDKNECLSNPCQNGGTCDNLVNGYRCTCKKGFKGYNCQVNIDECASNPCLNQGTCFDDISGYTCHCVLPYTGKNCQTVLAPCSPNPCENAAVCKESPNFESYTCLCAPGWQGQRCTIDIDECISKPCMNHGLCHNTQGSYMCECPPGFSGMDCEEDIDDCLANPCQNGGSCMDGVNTFSCLCLPGFTGDKCQTDMNECLSEPCKNGGTCSDYVNSYTCKCQAGFDGVHCENNINECTESSCFNGGTCVDGINSFSCLCPVGFTGSFCLHEINECSSHPCLNEGTCVDGLGTYRCSCPLGYTGKNCQTLVNLCSRSPCKNKGTCVQKKAESQCLCPSGWAGAYCDVPNVSCDIAASRRGVLVEHLCQHSGVCINAGNTHYCQCPLGYTGSYCEEQLDECASNPCQHGATCSDFIGGYRCECVPGYQGVNCEYEVDECQNQPCQNGGTCIDLVNHFKCSCPPGTRGLLCEENIDDCARGPHCLNGGQCMDRIGGYSCRCLPGFAGERCEGDINECLSNPCSSEGSLDCIQLTNDYLCVCRSAFTGRHCETFVDVCPQMPCLNGGTCAVASNMPDGFICRCPPGFSGARCQSSCGQVKCRKGEQCVHTASGPRCFCPSPRDCESGCASSPCQHGGSCHPQRQPPYYSCQCAPPFSGSRCELYTAPPSTPPATCLSQYCADKARDGVCDEACNSHACQWDGGDCSLTMENPWANCSSPLPCWDYINNQCDELCNTVECLFDNFECQGNSKTCKYDKYCADHFKDNHCDQGCNSEECGWDGLDCAADQPENLAEGTLVIVVLMPPEQLLQDARSFLRALGTLLHTNLRIKRDSQGELMVYPYYGEKSAAMKKQRMTRRSLPGEQEQEVAGSKVFLEIDNRQCVQDSDHCFKNTDAAAALLASHAIQGTLSYPLVSVVSESLTPERTQLLYLLAVAVVIILFIILLGVIMAKRKRKHGSLWLPEGFTLRRDASNHKRREPVGQDAVGLKNLSVQVSEANLIGTGTSEHWVDDEGPQPKKVKAEDEALLSEEDDPIDRRPWTQQHLEAADIRRTPSLALTPPQAEQEVDVLDVNVRGPDGCTPLMLASLRGGSSDLSDEDEDAEDSSANIITDLVYQGASLQAQTDRTGEMALHLAARYSRADAAKRLLDAGADANAQDNMGRCPLHAAVAADAQGVFQILIRNRVTDLDARMNDGTTPLILAARLAVEGMVAELINCQADVNAVDDHGKSALHWAAAVNNVEATLLLLKNGANRDMQDNKEETPLFLAAREGSYEAAKILLDHFANRDITDHMDRLPRDVARDRMHHDIVRLLDEYNVTPSPPGTVLTSALSPVICGPNRSFLSLKHTPMGKKSRRPSAKSTMPTSLPNLAKEAKDAKGSRRKKSLSEKVQLSESSVTLSPVDSLESPHTYVSDTTSSPMITSPGILQASPNPMLATAAPPAPVHAQHALSFSNLHEMQPLAHGASTVLPSVSQLLSHHHIVSPGSGSAGSLSRLHPVPVPADWMNRMEVNETQYNEMFGMVLAPAEGTHPGIAPQSRPPEGKHITTPREPLPPIVTFQLIPKGSIAQPAGAPQPQSTCPPAVAGPLPTMYQIPEMARLPSVAFPTAMMPQQDGQVAQTILPAYHPFPASVGKYPTPPSQHSYASSNAAERTPSHSGHLQGEHPYLTPSPESPDQWSSSSPHSASDWSDVTTSPTPGGAGGGQRGPGTHMSEPPHNNMQVYA,ENSP00000256646
ENST00000256646,1,protein_coding,HCS__chr1_ENST00000256646_d,rs1557802165,119916219:GG>G,6757:CC>C,2167:P>2167:Q(+fs),1,85,True,False,,NOTCH2,generic_ensref|ENSP00000256646.2|pep chromosome:GRCh38:1:119911553:120069662:-1 gene:ENSG00000134250.21 transcript:ENST00000256646.7 gene_biotype:protein_coding transcript_biotype:protein_coding gene_symbol:NOTCH2 description:notch receptor 2 [Source:HGNC Symbol;Acc:HGNC:7882] matching_proteins:ENSP00000256646.2,MPALRPALLWALLALWLCCAAPAHALQCRDGYEPCVNEGMCVTYHNGTGYCKCPEGFLGEYCQHRDPCEKNRCQNGGTCVAQAMLGKATCRCASGFTGEDCQYSTSHPCFVSRPCLNGGTCHMLSRDTYECTCQVGFTGKECQWTDACLSHPCANGSTCTTVANQFSCKCLTGFTGQKCETDVNECDIPGHCQHGGTCLNLPGSYQCQCPQGFTGQYCDSLYVPCAPSPCVNGGTCRQTGDFTFECNCLPGFEGSTCERNIDDCPNHRCQNGGVCVDGVNTYNCRCPPQWTGQFCTEDVDECLLQPNACQNGGTCANRNGGYGCVCVNGWSGDDCSENIDDCAFASCTPGSTCIDRVASFSCMCPEGKAGLLCHLDDACISNPCHKGALCDTNPLNGQYICTCPQGYKGADCTEDVDECAMANSNPCEHAGKCVNTDGAFHCECLKGYAGPRCEMDINECHSDPCQNDATCLDKIGGFTCLCMPGFKGVHCELEINECQSNPCVNNGQCVDKVNRFQCLCPPGFTGPVCQIDIDDCSSTPCLNGAKCIDHPNGYECQCATGFTGVLCEENIDNCDPDPCHHGQCQDGIDSYTCICNPGYMGAICSDQIDECYSSPCLNDGRCIDLVNGYQCNCQPGTSGVNCEINFDDCASNPCIHGICMDGINRYSCVCSPGFTGQRCNIDIDECASNPCRKGATCINGVNGFRCICPEGPHHPSCYSQVNECLSNPCIHGNCTGGLSGYKCLCDAGWVGINCEVDKNECLSNPCQNGGTCDNLVNGYRCTCKKGFKGYNCQVNIDECASNPCLNQGTCFDDISGYTCHCVLPYTGKNCQTVLAPCSPNPCENAAVCKESPNFESYTCLCAPGWQGQRCTIDIDECISKPCMNHGLCHNTQGSYMCECPPGFSGMDCEEDIDDCLANPCQNGGSCMDGVNTFSCLCLPGFTGDKCQTDMNECLSEPCKNGGTCSDYVNSYTCKCQAGFDGVHCENNINECTESSCFNGGTCVDGINSFSCLCPVGFTGSFCLHEINECSSHPCLNEGTCVDGLGTYRCSCPLGYTGKNCQTLVNLCSRSPCKNKGTCVQKKAESQCLCPSGWAGAYCDVPNVSCDIAASRRGVLVEHLCQHSGVCINAGNTHYCQCPLGYTGSYCEEQLDECASNPCQHGATCSDFIGGYRCECVPGYQGVNCEYEVDECQNQPCQNGGTCIDLVNHFKCSCPPGTRGLLCEENIDDCARGPHCLNGGQCMDRIGGYSCRCLPGFAGERCEGDINECLSNPCSSEGSLDCIQLTNDYLCVCRSAFTGRHCETFVDVCPQMPCLNGGTCAVASNMPDGFICRCPPGFSGARCQSSCGQVKCRKGEQCVHTASGPRCFCPSPRDCESGCASSPCQHGGSCHPQRQPPYYSCQCAPPFSGSRCELYTAPPSTPPATCLSQYCADKARDGVCDEACNSHACQWDGGDCSLTMENPWANCSSPLPCWDYINNQCDELCNTVECLFDNFECQGNSKTCKYDKYCADHFKDNHCDQGCNSEECGWDGLDCAADQPENLAEGTLVIVVLMPPEQLLQDARSFLRALGTLLHTNLRIKRDSQGELMVYPYYGEKSAAMKKQRMTRRSLPGEQEQEVAGSKVFLEIDNRQCVQDSDHCFKNTDAAAALLASHAIQGTLSYPLVSVVSESLTPERTQLLYLLAVAVVIILFIILLGVIMAKRKRKHGSLWLPEGFTLRRDASNHKRREPVGQDAVGLKNLSVQVSEANLIGTGTSEHWVDDEGPQPKKVKAEDEALLSEEDDPIDRRPWTQQHLEAADIRRTPSLALTPPQAEQEVDVLDVNVRGPDGCTPLMLASLRGGSSDLSDEDEDAEDSSANIITDLVYQGASLQAQTDRTGEMALHLAARYSRADAAKRLLDAGADANAQDNMGRCPLHAAVAADAQGVFQILIRNRVTDLDARMNDGTTPLILAARLAVEGMVAELINCQADVNAVDDHGKSALHWAAAVNNVEATLLLLKNGANRDMQDNKEETPLFLAAREGSYEAAKILLDHFANRDITDHMDRLPRDVARDRMHHDIVRLLDEYNVTPSPPGTVLTSALSPVICGPNRSFLSLKHTPMGKKSRRPSAKSTMPTSLPNLAKEAKDAKGSRRKKSLSEKVQLSESSVTLSPVDSLESPHTYVSDTTSSPMITSPGILQASPNPMLATAAPPAPVHAQHALSFSNLHEMQPLAHGASTVLPSVSQLLSHHHIVSPGSGSAGSLSRLHPVPVPADWMNRMEVNETQYNEMFGMVLAPAEGTHPGIAPQSRPPEGKHITTPREPLPPIVTFQLIPKGSIAQPAGAPQPQSTCPPAVAGPLPTMYQIPEMARLPSVAFPTAMMPQQDGQVAQTILPAYHPFPASVGKYPTPPSQHSYASSNAAERTPSHSGHLQGEHPYLTPSPESPDQWSSSSPHSASDWSDVTTSPTPGGAGGGQRGPGTHMSEPPHNNMQVYA,ENSP00000256646
ENST00000256646,1,protein_coding,HCS__chr1_ENST00000256646_e,rs1553193574,119916272:AG>-,6704:CT>,2149:P>2149:R(+fs),1,85,True,False,,NOTCH2,generic_ensref|ENSP00000256646.2|pep chromosome:GRCh38:1:119911553:120069662:-1 gene:ENSG00000134250.21 transcript:ENST00000256646.7 gene_biotype:protein_coding transcript_biotype:protein_coding gene_symbol:NOTCH2 description:notch receptor 2 [Source:HGNC Symbol;Acc:HGNC:7882] matching_proteins:ENSP00000256646.2,MPALRPALLWALLALWLCCAAPAHALQCRDGYEPCVNEGMCVTYHNGTGYCKCPEGFLGEYCQHRDPCEKNRCQNGGTCVAQAMLGKATCRCASGFTGEDCQYSTSHPCFVSRPCLNGGTCHMLSRDTYECTCQVGFTGKECQWTDACLSHPCANGSTCTTVANQFSCKCLTGFTGQKCETDVNECDIPGHCQHGGTCLNLPGSYQCQCPQGFTGQYCDSLYVPCAPSPCVNGGTCRQTGDFTFECNCLPGFEGSTCERNIDDCPNHRCQNGGVCVDGVNTYNCRCPPQWTGQFCTEDVDECLLQPNACQNGGTCANRNGGYGCVCVNGWSGDDCSENIDDCAFASCTPGSTCIDRVASFSCMCPEGKAGLLCHLDDACISNPCHKGALCDTNPLNGQYICTCPQGYKGADCTEDVDECAMANSNPCEHAGKCVNTDGAFHCECLKGYAGPRCEMDINECHSDPCQNDATCLDKIGGFTCLCMPGFKGVHCELEINECQSNPCVNNGQCVDKVNRFQCLCPPGFTGPVCQIDIDDCSSTPCLNGAKCIDHPNGYECQCATGFTGVLCEENIDNCDPDPCHHGQCQDGIDSYTCICNPGYMGAICSDQIDECYSSPCLNDGRCIDLVNGYQCNCQPGTSGVNCEINFDDCASNPCIHGICMDGINRYSCVCSPGFTGQRCNIDIDECASNPCRKGATCINGVNGFRCICPEGPHHPSCYSQVNECLSNPCIHGNCTGGLSGYKCLCDAGWVGINCEVDKNECLSNPCQNGGTCDNLVNGYRCTCKKGFKGYNCQVNIDECASNPCLNQGTCFDDISGYTCHCVLPYTGKNCQTVLAPCSPNPCENAAVCKESPNFESYTCLCAPGWQGQRCTIDIDECISKPCMNHGLCHNTQGSYMCECPPGFSGMDCEEDIDDCLANPCQNGGSCMDGVNTFSCLCLPGFTGDKCQTDMNECLSEPCKNGGTCSDYVNSYTCKCQAGFDGVHCENNINECTESSCFNGGTCVDGINSFSCLCPVGFTGSFCLHEINECSSHPCLNEGTCVDGLGTYRCSCPLGYTGKNCQTLVNLCSRSPCKNKGTCVQKKAESQCLCPSGWAGAYCDVPNVSCDIAASRRGVLVEHLCQHSGVCINAGNTHYCQCPLGYTGSYCEEQLDECASNPCQHGATCSDFIGGYRCECVPGYQGVNCEYEVDECQNQPCQNGGTCIDLVNHFKCSCPPGTRGLLCEENIDDCARGPHCLNGGQCMDRIGGYSCRCLPGFAGERCEGDINECLSNPCSSEGSLDCIQLTNDYLCVCRSAFTGRHCETFVDVCPQMPCLNGGTCAVASNMPDGFICRCPPGFSGARCQSSCGQVKCRKGEQCVHTASGPRCFCPSPRDCESGCASSPCQHGGSCHPQRQPPYYSCQCAPPFSGSRCELYTAPPSTPPATCLSQYCADKARDGVCDEACNSHACQWDGGDCSLTMENPWANCSSPLPCWDYINNQCDELCNTVECLFDNFECQGNSKTCKYDKYCADHFKDNHCDQGCNSEECGWDGLDCAADQPENLAEGTLVIVVLMPPEQLLQDARSFLRALGTLLHTNLRIKRDSQGELMVYPYYGEKSAAMKKQRMTRRSLPGEQEQEVAGSKVFLEIDNRQCVQDSDHCFKNTDAAAALLASHAIQGTLSYPLVSVVSESLTPERTQLLYLLAVAVVIILFIILLGVIMAKRKRKHGSLWLPEGFTLRRDASNHKRREPVGQDAVGLKNLSVQVSEANLIGTGTSEHWVDDEGPQPKKVKAEDEALLSEEDDPIDRRPWTQQHLEAADIRRTPSLALTPPQAEQEVDVLDVNVRGPDGCTPLMLASLRGGSSDLSDEDEDAEDSSANIITDLVYQGASLQAQTDRTGEMALHLAARYSRADAAKRLLDAGADANAQDNMGRCPLHAAVAADAQGVFQILIRNRVTDLDARMNDGTTPLILAARLAVEGMVAELINCQADVNAVDDHGKSALHWAAAVNNVEATLLLLKNGANRDMQDNKEETPLFLAAREGSYEAAKILLDHFANRDITDHMDRLPRDVARDRMHHDIVRLLDEYNVTPSPPGTVLTSALSPVICGPNRSFLSLKHTPMGKKSRRPSAKSTMPTSLPNLAKEAKDAKGSRRKKSLSEKVQLSESSVTLSPVDSLESPHTYVSDTTSSPMITSPGILQASPNPMLATAAPPAPVHAQHALSFSNLHEMQPLAHGASTVLPSVSQLLSHHHIVSPGSGSAGSLSRLHPVPVPADWMNRMEVNETQYNEMFGMVLAPAEGTHPGIAPQSRPPEGKHITTPREPLPPIVTFQLIPKGSIAQPAGAPQPQSTCPPAVAGPLPTMYQIPEMARLPSVAFPTAMMPQQDGQVAQTILPAYHPFPASVGKYPTPPSQHSYASSNAAERTPSHSGHLQGEHPYLTPSPESPDQWSSSSPHSASDWSDVTTSPTPGGAGGGQRGPGTHMSEPPHNNMQVYA,ENSP00000256646
ENST00000256646,1,protein_coding,HCS__chr1_ENST00000256646_f,rs1649066485,119916296:->AA,6682:>TT,2142:->2142:L(+fs),1,85,True,False,,NOTCH2,generic_ensref|ENSP00000256646.2|pep chromosome:GRCh38:1:119911553:120069662:-1 gene:ENSG00000134250.21 transcript:ENST00000256646.7 gene_biotype:protein_coding transcript_biotype:protein_coding gene_symbol:NOTCH2 description:notch receptor 2 [Source:HGNC Symbol;Acc:HGNC:7882] matching_proteins:ENSP00000256646.2,MPALRPALLWALLALWLCCAAPAHALQCRDGYEPCVNEGMCVTYHNGTGYCKCPEGFLGEYCQHRDPCEKNRCQNGGTCVAQAMLGKATCRCASGFTGEDCQYSTSHPCFVSRPCLNGGTCHMLSRDTYECTCQVGFTGKECQWTDACLSHPCANGSTCTTVANQFSCKCLTGFTGQKCETDVNECDIPGHCQHGGTCLNLPGSYQCQCPQGFTGQYCDSLYVPCAPSPCVNGGTCRQTGDFTFECNCLPGFEGSTCERNIDDCPNHRCQNGGVCVDGVNTYNCRCPPQWTGQFCTEDVDECLLQPNACQNGGTCANRNGGYGCVCVNGWSGDDCSENIDDCAFASCTPGSTCIDRVASFSCMCPEGKAGLLCHLDDACISNPCHKGALCDTNPLNGQYICTCPQGYKGADCTEDVDECAMANSNPCEHAGKCVNTDGAFHCECLKGYAGPRCEMDINECHSDPCQNDATCLDKIGGFTCLCMPGFKGVHCELEINECQSNPCVNNGQCVDKVNRFQCLCPPGFTGPVCQIDIDDCSSTPCLNGAKCIDHPNGYECQCATGFTGVLCEENIDNCDPDPCHHGQCQDGIDSYTCICNPGYMGAICSDQIDECYSSPCLNDGRCIDLVNGYQCNCQPGTSGVNCEINFDDCASNPCIHGICMDGINRYSCVCSPGFTGQRCNIDIDECASNPCRKGATCINGVNGFRCICPEGPHHPSCYSQVNECLSNPCIHGNCTGGLSGYKCLCDAGWVGINCEVDKNECLSNPCQNGGTCDNLVNGYRCTCKKGFKGYNCQVNIDECASNPCLNQGTCFDDISGYTCHCVLPYTGKNCQTVLAPCSPNPCENAAVCKESPNFESYTCLCAPGWQGQRCTIDIDECISKPCMNHGLCHNTQGSYMCECPPGFSGMDCEEDIDDCLANPCQNGGSCMDGVNTFSCLCLPGFTGDKCQTDMNECLSEPCKNGGTCSDYVNSYTCKCQAGFDGVHCENNINECTESSCFNGGTCVDGINSFSCLCPVGFTGSFCLHEINECSSHPCLNEGTCVDGLGTYRCSCPLGYTGKNCQTLVNLCSRSPCKNKGTCVQKKAESQCLCPSGWAGAYCDVPNVSCDIAASRRGVLVEHLCQHSGVCINAGNTHYCQCPLGYTGSYCEEQLDECASNPCQHGATCSDFIGGYRCECVPGYQGVNCEYEVDECQNQPCQNGGTCIDLVNHFKCSCPPGTRGLLCEENIDDCARGPHCLNGGQCMDRIGGYSCRCLPGFAGERCEGDINECLSNPCSSEGSLDCIQLTNDYLCVCRSAFTGRHCETFVDVCPQMPCLNGGTCAVASNMPDGFICRCPPGFSGARCQSSCGQVKCRKGEQCVHTASGPRCFCPSPRDCESGCASSPCQHGGSCHPQRQPPYYSCQCAPPFSGSRCELYTAPPSTPPATCLSQYCADKARDGVCDEACNSHACQWDGGDCSLTMENPWANCSSPLPCWDYINNQCDELCNTVECLFDNFECQGNSKTCKYDKYCADHFKDNHCDQGCNSEECGWDGLDCAADQPENLAEGTLVIVVLMPPEQLLQDARSFLRALGTLLHTNLRIKRDSQGELMVYPYYGEKSAAMKKQRMTRRSLPGEQEQEVAGSKVFLEIDNRQCVQDSDHCFKNTDAAAALLASHAIQGTLSYPLVSVVSESLTPERTQLLYLLAVAVVIILFIILLGVIMAKRKRKHGSLWLPEGFTLRRDASNHKRREPVGQDAVGLKNLSVQVSEANLIGTGTSEHWVDDEGPQPKKVKAEDEALLSEEDDPIDRRPWTQQHLEAADIRRTPSLALTPPQAEQEVDVLDVNVRGPDGCTPLMLASLRGGSSDLSDEDEDAEDSSANIITDLVYQGASLQAQTDRTGEMALHLAARYSRADAAKRLLDAGADANAQDNMGRCPLHAAVAADAQGVFQILIRNRVTDLDARMNDGTTPLILAARLAVEGMVAELINCQADVNAVDDHGKSALHWAAAVNNVEATLLLLKNGANRDMQDNKEETPLFLAAREGSYEAAKILLDHFANRDITDHMDRLPRDVARDRMHHDIVRLLDEYNVTPSPPGTVLTSALSPVICGPNRSFLSLKHTPMGKKSRRPSAKSTMPTSLPNLAKEAKDAKGSRRKKSLSEKVQLSESSVTLSPVDSLESPHTYVSDTTSSPMITSPGILQASPNPMLATAAPPAPVHAQHALSFSNLHEMQPLAHGASTVLPSVSQLLSHHHIVSPGSGSAGSLSRLHPVPVPADWMNRMEVNETQYNEMFGMVLAPAEGTHPGIAPQSRPPEGKHITTPREPLPPIVTFQLIPKGSIAQPAGAPQPQSTCPPAVAGPLPTMYQIPEMARLPSVAFPTAMMPQQDGQVAQTILPAYHPFPASVGKYPTPPSQHSYASSNAAERTPSHSGHLQGEHPYLTPSPESPDQWSSSSPHSASDWSDVTTSPTPGGAGGGQRGPGTHMSEPPHNNMQVYA,ENSP00000256646
ENST00000256646,1,protein_coding,HCS__chr1_ENST00000256646_10,rs1557802353,119916450:AAA>AA,6525:TTT>TT,2089:SF>2089:SS(+fs),1,85,True,False,,NOTCH2,generic_ensref|ENSP00000256646.2|pep chromosome:GRCh38:1:119911553:120069662:-1 gene:ENSG00000134250.21 transcript:ENST00000256646.7 gene_biotype:protein_coding transcript_biotype:protein_coding gene_symbol:NOTCH2 description:notch receptor 2 [Source:HGNC Symbol;Acc:HGNC:7882] matching_proteins:ENSP00000256646.2,MPALRPALLWALLALWLCCAAPAHALQCRDGYEPCVNEGMCVTYHNGTGYCKCPEGFLGEYCQHRDPCEKNRCQNGGTCVAQAMLGKATCRCASGFTGEDCQYSTSHPCFVSRPCLNGGTCHMLSRDTYECTCQVGFTGKECQWTDACLSHPCANGSTCTTVANQFSCKCLTGFTGQKCETDVNECDIPGHCQHGGTCLNLPGSYQCQCPQGFTGQYCDSLYVPCAPSPCVNGGTCRQTGDFTFECNCLPGFEGSTCERNIDDCPNHRCQNGGVCVDGVNTYNCRCPPQWTGQFCTEDVDECLLQPNACQNGGTCANRNGGYGCVCVNGWSGDDCSENIDDCAFASCTPGSTCIDRVASFSCMCPEGKAGLLCHLDDACISNPCHKGALCDTNPLNGQYICTCPQGYKGADCTEDVDECAMANSNPCEHAGKCVNTDGAFHCECLKGYAGPRCEMDINECHSDPCQNDATCLDKIGGFTCLCMPGFKGVHCELEINECQSNPCVNNGQCVDKVNRFQCLCPPGFTGPVCQIDIDDCSSTPCLNGAKCIDHPNGYECQCATGFTGVLCEENIDNCDPDPCHHGQCQDGIDSYTCICNPGYMGAICSDQIDECYSSPCLNDGRCIDLVNGYQCNCQPGTSGVNCEINFDDCASNPCIHGICMDGINRYSCVCSPGFTGQRCNIDIDECASNPCRKGATCINGVNGFRCICPEGPHHPSCYSQVNECLSNPCIHGNCTGGLSGYKCLCDAGWVGINCEVDKNECLSNPCQNGGTCDNLVNGYRCTCKKGFKGYNCQVNIDECASNPCLNQGTCFDDISGYTCHCVLPYTGKNCQTVLAPCSPNPCENAAVCKESPNFESYTCLCAPGWQGQRCTIDIDECISKPCMNHGLCHNTQGSYMCECPPGFSGMDCEEDIDDCLANPCQNGGSCMDGVNTFSCLCLPGFTGDKCQTDMNECLSEPCKNGGTCSDYVNSYTCKCQAGFDGVHCENNINECTESSCFNGGTCVDGINSFSCLCPVGFTGSFCLHEINECSSHPCLNEGTCVDGLGTYRCSCPLGYTGKNCQTLVNLCSRSPCKNKGTCVQKKAESQCLCPSGWAGAYCDVPNVSCDIAASRRGVLVEHLCQHSGVCINAGNTHYCQCPLGYTGSYCEEQLDECASNPCQHGATCSDFIGGYRCECVPGYQGVNCEYEVDECQNQPCQNGGTCIDLVNHFKCSCPPGTRGLLCEENIDDCARGPHCLNGGQCMDRIGGYSCRCLPGFAGERCEGDINECLSNPCSSEGSLDCIQLTNDYLCVCRSAFTGRHCETFVDVCPQMPCLNGGTCAVASNMPDGFICRCPPGFSGARCQSSCGQVKCRKGEQCVHTASGPRCFCPSPRDCESGCASSPCQHGGSCHPQRQPPYYSCQCAPPFSGSRCELYTAPPSTPPATCLSQYCADKARDGVCDEACNSHACQWDGGDCSLTMENPWANCSSPLPCWDYINNQCDELCNTVECLFDNFECQGNSKTCKYDKYCADHFKDNHCDQGCNSEECGWDGLDCAADQPENLAEGTLVIVVLMPPEQLLQDARSFLRALGTLLHTNLRIKRDSQGELMVYPYYGEKSAAMKKQRMTRRSLPGEQEQEVAGSKVFLEIDNRQCVQDSDHCFKNTDAAAALLASHAIQGTLSYPLVSVVSESLTPERTQLLYLLAVAVVIILFIILLGVIMAKRKRKHGSLWLPEGFTLRRDASNHKRREPVGQDAVGLKNLSVQVSEANLIGTGTSEHWVDDEGPQPKKVKAEDEALLSEEDDPIDRRPWTQQHLEAADIRRTPSLALTPPQAEQEVDVLDVNVRGPDGCTPLMLASLRGGSSDLSDEDEDAEDSSANIITDLVYQGASLQAQTDRTGEMALHLAARYSRADAAKRLLDAGADANAQDNMGRCPLHAAVAADAQGVFQILIRNRVTDLDARMNDGTTPLILAARLAVEGMVAELINCQADVNAVDDHGKSALHWAAAVNNVEATLLLLKNGANRDMQDNKEETPLFLAAREGSYEAAKILLDHFANRDITDHMDRLPRDVARDRMHHDIVRLLDEYNVTPSPPGTVLTSALSPVICGPNRSFLSLKHTPMGKKSRRPSAKSTMPTSLPNLAKEAKDAKGSRRKKSLSEKVQLSESSVTLSPVDSLESPHTYVSDTTSSPMITSPGILQASPNPMLATAAPPAPVHAQHALSFSNLHEMQPLAHGASTVLPSVSQLLSHHHIVSPGSGSAGSLSRLHPVPVPADWMNRMEVNETQYNEMFGMVLAPAEGTHPGIAPQSRPPEGKHITTPREPLPPIVTFQLIPKGSIAQPAGAPQPQSTCPPAVAGPLPTMYQIPEMARLPSVAFPTAMMPQQDGQVAQTILPAYHPFPASVGKYPTPPSQHSYASSNAAERTPSHSGHLQGEHPYLTPSPESPDQWSSSSPHSASDWSDVTTSPTPGGAGGGQRGPGTHMSEPPHNNMQVYA,ENSP00000256646
ENST00000256646,1,protein_coding,HCS__chr1_ENST00000256646_12,rs927740391,119919429:T>TT,5919:A>AA,1887:S>1887:ST(+fs),1,85,True,False,,NOTCH2,generic_ensref|ENSP00000256646.2|pep chromosome:GRCh38:1:119911553:120069662:-1 gene:ENSG00000134250.21 transcript:ENST00000256646.7 gene_biotype:protein_coding transcript_biotype:protein_coding gene_symbol:NOTCH2 description:notch receptor 2 [Source:HGNC Symbol;Acc:HGNC:7882] matching_proteins:ENSP00000256646.2,MPALRPALLWALLALWLCCAAPAHALQCRDGYEPCVNEGMCVTYHNGTGYCKCPEGFLGEYCQHRDPCEKNRCQNGGTCVAQAMLGKATCRCASGFTGEDCQYSTSHPCFVSRPCLNGGTCHMLSRDTYECTCQVGFTGKECQWTDACLSHPCANGSTCTTVANQFSCKCLTGFTGQKCETDVNECDIPGHCQHGGTCLNLPGSYQCQCPQGFTGQYCDSLYVPCAPSPCVNGGTCRQTGDFTFECNCLPGFEGSTCERNIDDCPNHRCQNGGVCVDGVNTYNCRCPPQWTGQFCTEDVDECLLQPNACQNGGTCANRNGGYGCVCVNGWSGDDCSENIDDCAFASCTPGSTCIDRVASFSCMCPEGKAGLLCHLDDACISNPCHKGALCDTNPLNGQYICTCPQGYKGADCTEDVDECAMANSNPCEHAGKCVNTDGAFHCECLKGYAGPRCEMDINECHSDPCQNDATCLDKIGGFTCLCMPGFKGVHCELEINECQSNPCVNNGQCVDKVNRFQCLCPPGFTGPVCQIDIDDCSSTPCLNGAKCIDHPNGYECQCATGFTGVLCEENIDNCDPDPCHHGQCQDGIDSYTCICNPGYMGAICSDQIDECYSSPCLNDGRCIDLVNGYQCNCQPGTSGVNCEINFDDCASNPCIHGICMDGINRYSCVCSPGFTGQRCNIDIDECASNPCRKGATCINGVNGFRCICPEGPHHPSCYSQVNECLSNPCIHGNCTGGLSGYKCLCDAGWVGINCEVDKNECLSNPCQNGGTCDNLVNGYRCTCKKGFKGYNCQVNIDECASNPCLNQGTCFDDISGYTCHCVLPYTGKNCQTVLAPCSPNPCENAAVCKESPNFESYTCLCAPGWQGQRCTIDIDECISKPCMNHGLCHNTQGSYMCECPPGFSGMDCEEDIDDCLANPCQNGGSCMDGVNTFSCLCLPGFTGDKCQTDMNECLSEPCKNGGTCSDYVNSYTCKCQAGFDGVHCENNINECTESSCFNGGTCVDGINSFSCLCPVGFTGSFCLHEINECSSHPCLNEGTCVDGLGTYRCSCPLGYTGKNCQTLVNLCSRSPCKNKGTCVQKKAESQCLCPSGWAGAYCDVPNVSCDIAASRRGVLVEHLCQHSGVCINAGNTHYCQCPLGYTGSYCEEQLDECASNPCQHGATCSDFIGGYRCECVPGYQGVNCEYEVDECQNQPCQNGGTCIDLVNHFKCSCPPGTRGLLCEENIDDCARGPHCLNGGQCMDRIGGYSCRCLPGFAGERCEGDINECLSNPCSSEGSLDCIQLTNDYLCVCRSAFTGRHCETFVDVCPQMPCLNGGTCAVASNMPDGFICRCPPGFSGARCQSSCGQVKCRKGEQCVHTASGPRCFCPSPRDCESGCASSPCQHGGSCHPQRQPPYYSCQCAPPFSGSRCELYTAPPSTPPATCLSQYCADKARDGVCDEACNSHACQWDGGDCSLTMENPWANCSSPLPCWDYINNQCDELCNTVECLFDNFECQGNSKTCKYDKYCADHFKDNHCDQGCNSEECGWDGLDCAADQPENLAEGTLVIVVLMPPEQLLQDARSFLRALGTLLHTNLRIKRDSQGELMVYPYYGEKSAAMKKQRMTRRSLPGEQEQEVAGSKVFLEIDNRQCVQDSDHCFKNTDAAAALLASHAIQGTLSYPLVSVVSESLTPERTQLLYLLAVAVVIILFIILLGVIMAKRKRKHGSLWLPEGFTLRRDASNHKRREPVGQDAVGLKNLSVQVSEANLIGTGTSEHWVDDEGPQPKKVKAEDEALLSEEDDPIDRRPWTQQHLEAADIRRTPSLALTPPQAEQEVDVLDVNVRGPDGCTPLMLASLRGGSSDLSDEDEDAEDSSANIITDLVYQGASLQAQTDRTGEMALHLAARYSRADAAKRLLDAGADANAQDNMGRCPLHAAVAADAQGVFQILIRNRVTDLDARMNDGTTPLILAARLAVEGMVAELINCQADVNAVDDHGKSALHWAAAVNNVEATLLLLKNGANRDMQDNKEETPLFLAAREGSYEAAKILLDHFANRDITDHMDRLPRDVARDRMHHDIVRLLDEYNVTPSPPGTVLTSALSPVICGPNRSFLSLKHTPMGKKSRRPSAKSTMPTSLPNLAKEAKDAKGSRRKKSLSEKVQLSESSVTLSPVDSLESPHTYVSDTTSSPMITSPGILQASPNPMLATAAPPAPVHAQHALSFSNLHEMQPLAHGASTVLPSVSQLLSHHHIVSPGSGSAGSLSRLHPVPVPADWMNRMEVNETQYNEMFGMVLAPAEGTHPGIAPQSRPPEGKHITTPREPLPPIVTFQLIPKGSIAQPAGAPQPQSTCPPAVAGPLPTMYQIPEMARLPSVAFPTAMMPQQDGQVAQTILPAYHPFPASVGKYPTPPSQHSYASSNAAERTPSHSGHLQGEHPYLTPSPESPDQWSSSSPHSASDWSDVTTSPTPGGAGGGQRGPGTHMSEPPHNNMQVYA,ENSP00000256646
ENST00000256646,1,protein_coding,HCS__chr1_ENST00000256646_13,rs1553193977,119920363:T>-,5600:A>,1781:D>1781:A(+fs),1,85,True,False,,NOTCH2,generic_ensref|ENSP00000256646.2|pep chromosome:GRCh38:1:119911553:120069662:-1 gene:ENSG00000134250.21 transcript:ENST00000256646.7 gene_biotype:protein_coding transcript_biotype:protein_coding gene_symbol:NOTCH2 description:notch receptor 2 [Source:HGNC Symbol;Acc:HGNC:7882] matching_proteins:ENSP00000256646.2,MPALRPALLWALLALWLCCAAPAHALQCRDGYEPCVNEGMCVTYHNGTGYCKCPEGFLGEYCQHRDPCEKNRCQNGGTCVAQAMLGKATCRCASGFTGEDCQYSTSHPCFVSRPCLNGGTCHMLSRDTYECTCQVGFTGKECQWTDACLSHPCANGSTCTTVANQFSCKCLTGFTGQKCETDVNECDIPGHCQHGGTCLNLPGSYQCQCPQGFTGQYCDSLYVPCAPSPCVNGGTCRQTGDFTFECNCLPGFEGSTCERNIDDCPNHRCQNGGVCVDGVNTYNCRCPPQWTGQFCTEDVDECLLQPNACQNGGTCANRNGGYGCVCVNGWSGDDCSENIDDCAFASCTPGSTCIDRVASFSCMCPEGKAGLLCHLDDACISNPCHKGALCDTNPLNGQYICTCPQGYKGADCTEDVDECAMANSNPCEHAGKCVNTDGAFHCECLKGYAGPRCEMDINECHSDPCQNDATCLDKIGGFTCLCMPGFKGVHCELEINECQSNPCVNNGQCVDKVNRFQCLCPPGFTGPVCQIDIDDCSSTPCLNGAKCIDHPNGYECQCATGFTGVLCEENIDNCDPDPCHHGQCQDGIDSYTCICNPGYMGAICSDQIDECYSSPCLNDGRCIDLVNGYQCNCQPGTSGVNCEINFDDCASNPCIHGICMDGINRYSCVCSPGFTGQRCNIDIDECASNPCRKGATCINGVNGFRCICPEGPHHPSCYSQVNECLSNPCIHGNCTGGLSGYKCLCDAGWVGINCEVDKNECLSNPCQNGGTCDNLVNGYRCTCKKGFKGYNCQVNIDECASNPCLNQGTCFDDISGYTCHCVLPYTGKNCQTVLAPCSPNPCENAAVCKESPNFESYTCLCAPGWQGQRCTIDIDECISKPCMNHGLCHNTQGSYMCECPPGFSGMDCEEDIDDCLANPCQNGGSCMDGVNTFSCLCLPGFTGDKCQTDMNECLSEPCKNGGTCSDYVNSYTCKCQAGFDGVHCENNINECTESSCFNGGTCVDGINSFSCLCPVGFTGSFCLHEINECSSHPCLNEGTCVDGLGTYRCSCPLGYTGKNCQTLVNLCSRSPCKNKGTCVQKKAESQCLCPSGWAGAYCDVPNVSCDIAASRRGVLVEHLCQHSGVCINAGNTHYCQCPLGYTGSYCEEQLDECASNPCQHGATCSDFIGGYRCECVPGYQGVNCEYEVDECQNQPCQNGGTCIDLVNHFKCSCPPGTRGLLCEENIDDCARGPHCLNGGQCMDRIGGYSCRCLPGFAGERCEGDINECLSNPCSSEGSLDCIQLTNDYLCVCRSAFTGRHCETFVDVCPQMPCLNGGTCAVASNMPDGFICRCPPGFSGARCQSSCGQVKCRKGEQCVHTASGPRCFCPSPRDCESGCASSPCQHGGSCHPQRQPPYYSCQCAPPFSGSRCELYTAPPSTPPATCLSQYCADKARDGVCDEACNSHACQWDGGDCSLTMENPWANCSSPLPCWDYINNQCDELCNTVECLFDNFECQGNSKTCKYDKYCADHFKDNHCDQGCNSEECGWDGLDCAADQPENLAEGTLVIVVLMPPEQLLQDARSFLRALGTLLHTNLRIKRDSQGELMVYPYYGEKSAAMKKQRMTRRSLPGEQEQEVAGSKVFLEIDNRQCVQDSDHCFKNTDAAAALLASHAIQGTLSYPLVSVVSESLTPERTQLLYLLAVAVVIILFIILLGVIMAKRKRKHGSLWLPEGFTLRRDASNHKRREPVGQDAVGLKNLSVQVSEANLIGTGTSEHWVDDEGPQPKKVKAEDEALLSEEDDPIDRRPWTQQHLEAADIRRTPSLALTPPQAEQEVDVLDVNVRGPDGCTPLMLASLRGGSSDLSDEDEDAEDSSANIITDLVYQGASLQAQTDRTGEMALHLAARYSRADAAKRLLDAGADANAQDNMGRCPLHAAVAADAQGVFQILIRNRVTDLDARMNDGTTPLILAARLAVEGMVAELINCQADVNAVDDHGKSALHWAAAVNNVEATLLLLKNGANRDMQDNKEETPLFLAAREGSYEAAKILLDHFANRDITDHMDRLPRDVARDRMHHDIVRLLDEYNVTPSPPGTVLTSALSPVICGPNRSFLSLKHTPMGKKSRRPSAKSTMPTSLPNLAKEAKDAKGSRRKKSLSEKVQLSESSVTLSPVDSLESPHTYVSDTTSSPMITSPGILQASPNPMLATAAPPAPVHAQHALSFSNLHEMQPLAHGASTVLPSVSQLLSHHHIVSPGSGSAGSLSRLHPVPVPADWMNRMEVNETQYNEMFGMVLAPAEGTHPGIAPQSRPPEGKHITTPREPLPPIVTFQLIPKGSIAQPAGAPQPQSTCPPAVAGPLPTMYQIPEMARLPSVAFPTAMMPQQDGQVAQTILPAYHPFPASVGKYPTPPSQHSYASSNAAERTPSHSGHLQGEHPYLTPSPESPDQWSSSSPHSASDWSDVTTSPTPGGAGGGQRGPGTHMSEPPHNNMQVYA,ENSP00000256646
ENST00000256646,1,protein_coding,HCS__chr1_ENST00000256646_14,rs1649449471,119925642:G>A,4429:C>T,1391:Q>1391:*,1,85,True,False,,NOTCH2,generic_ensref|ENSP00000256646.2|pep chromosome:GRCh38:1:119911553:120069662:-1 gene:ENSG00000134250.21 transcript:ENST00000256646.7 gene_biotype:protein_coding transcript_biotype:protein_coding gene_symbol:NOTCH2 description:notch receptor 2 [Source:HGNC Symbol;Acc:HGNC:7882] matching_proteins:ENSP00000256646.2,MPALRPALLWALLALWLCCAAPAHALQCRDGYEPCVNEGMCVTYHNGTGYCKCPEGFLGEYCQHRDPCEKNRCQNGGTCVAQAMLGKATCRCASGFTGEDCQYSTSHPCFVSRPCLNGGTCHMLSRDTYECTCQVGFTGKECQWTDACLSHPCANGSTCTTVANQFSCKCLTGFTGQKCETDVNECDIPGHCQHGGTCLNLPGSYQCQCPQGFTGQYCDSLYVPCAPSPCVNGGTCRQTGDFTFECNCLPGFEGSTCERNIDDCPNHRCQNGGVCVDGVNTYNCRCPPQWTGQFCTEDVDECLLQPNACQNGGTCANRNGGYGCVCVNGWSGDDCSENIDDCAFASCTPGSTCIDRVASFSCMCPEGKAGLLCHLDDACISNPCHKGALCDTNPLNGQYICTCPQGYKGADCTEDVDECAMANSNPCEHAGKCVNTDGAFHCECLKGYAGPRCEMDINECHSDPCQNDATCLDKIGGFTCLCMPGFKGVHCELEINECQSNPCVNNGQCVDKVNRFQCLCPPGFTGPVCQIDIDDCSSTPCLNGAKCIDHPNGYECQCATGFTGVLCEENIDNCDPDPCHHGQCQDGIDSYTCICNPGYMGAICSDQIDECYSSPCLNDGRCIDLVNGYQCNCQPGTSGVNCEINFDDCASNPCIHGICMDGINRYSCVCSPGFTGQRCNIDIDECASNPCRKGATCINGVNGFRCICPEGPHHPSCYSQVNECLSNPCIHGNCTGGLSGYKCLCDAGWVGINCEVDKNECLSNPCQNGGTCDNLVNGYRCTCKKGFKGYNCQVNIDECASNPCLNQGTCFDDISGYTCHCVLPYTGKNCQTVLAPCSPNPCENAAVCKESPNFESYTCLCAPGWQGQRCTIDIDECISKPCMNHGLCHNTQGSYMCECPPGFSGMDCEEDIDDCLANPCQNGGSCMDGVNTFSCLCLPGFTGDKCQTDMNECLSEPCKNGGTCSDYVNSYTCKCQAGFDGVHCENNINECTESSCFNGGTCVDGINSFSCLCPVGFTGSFCLHEINECSSHPCLNEGTCVDGLGTYRCSCPLGYTGKNCQTLVNLCSRSPCKNKGTCVQKKAESQCLCPSGWAGAYCDVPNVSCDIAASRRGVLVEHLCQHSGVCINAGNTHYCQCPLGYTGSYCEEQLDECASNPCQHGATCSDFIGGYRCECVPGYQGVNCEYEVDECQNQPCQNGGTCIDLVNHFKCSCPPGTRGLLCEENIDDCARGPHCLNGGQCMDRIGGYSCRCLPGFAGERCEGDINECLSNPCSSEGSLDCIQLTNDYLCVCRSAFTGRHCETFVDVCPQMPCLNGGTCAVASNMPDGFICRCPPGFSGARCQSSCGQVKCRKGEQCVHTASGPRCFCPSPRDCESGCASSPCQHGGSCHPQRQPPYYSCQCAPPFSGSRCELYTAPPSTPPATCLSQYCADKARDGVCDEACNSHACQWDGGDCSLTMENPWANCSSPLPCWDYINNQCDELCNTVECLFDNFECQGNSKTCKYDKYCADHFKDNHCDQGCNSEECGWDGLDCAADQPENLAEGTLVIVVLMPPEQLLQDARSFLRALGTLLHTNLRIKRDSQGELMVYPYYGEKSAAMKKQRMTRRSLPGEQEQEVAGSKVFLEIDNRQCVQDSDHCFKNTDAAAALLASHAIQGTLSYPLVSVVSESLTPERTQLLYLLAVAVVIILFIILLGVIMAKRKRKHGSLWLPEGFTLRRDASNHKRREPVGQDAVGLKNLSVQVSEANLIGTGTSEHWVDDEGPQPKKVKAEDEALLSEEDDPIDRRPWTQQHLEAADIRRTPSLALTPPQAEQEVDVLDVNVRGPDGCTPLMLASLRGGSSDLSDEDEDAEDSSANIITDLVYQGASLQAQTDRTGEMALHLAARYSRADAAKRLLDAGADANAQDNMGRCPLHAAVAADAQGVFQILIRNRVTDLDARMNDGTTPLILAARLAVEGMVAELINCQADVNAVDDHGKSALHWAAAVNNVEATLLLLKNGANRDMQDNKEETPLFLAAREGSYEAAKILLDHFANRDITDHMDRLPRDVARDRMHHDIVRLLDEYNVTPSPPGTVLTSALSPVICGPNRSFLSLKHTPMGKKSRRPSAKSTMPTSLPNLAKEAKDAKGSRRKKSLSEKVQLSESSVTLSPVDSLESPHTYVSDTTSSPMITSPGILQASPNPMLATAAPPAPVHAQHALSFSNLHEMQPLAHGASTVLPSVSQLLSHHHIVSPGSGSAGSLSRLHPVPVPADWMNRMEVNETQYNEMFGMVLAPAEGTHPGIAPQSRPPEGKHITTPREPLPPIVTFQLIPKGSIAQPAGAPQPQSTCPPAVAGPLPTMYQIPEMARLPSVAFPTAMMPQQDGQVAQTILPAYHPFPASVGKYPTPPSQHSYASSNAAERTPSHSGHLQGEHPYLTPSPESPDQWSSSSPHSASDWSDVTTSPTPGGAGGGQRGPGTHMSEPPHNNMQVYA,ENSP00000256646
ENST00000256646,1,protein_coding,HCS__chr1_ENST00000256646_15,VCV002015161,119925789:GGC>AGA,4280:GCC>TCT,1341:CQ>1341:F*,1,85,True,False,,NOTCH2,generic_ensref|ENSP00000256646.2|pep chromosome:GRCh38:1:119911553:120069662:-1 gene:ENSG00000134250.21 transcript:ENST00000256646.7 gene_biotype:protein_coding transcript_biotype:protein_coding gene_symbol:NOTCH2 description:notch receptor 2 [Source:HGNC Symbol;Acc:HGNC:7882] matching_proteins:ENSP00000256646.2,MPALRPALLWALLALWLCCAAPAHALQCRDGYEPCVNEGMCVTYHNGTGYCKCPEGFLGEYCQHRDPCEKNRCQNGGTCVAQAMLGKATCRCASGFTGEDCQYSTSHPCFVSRPCLNGGTCHMLSRDTYECTCQVGFTGKECQWTDACLSHPCANGSTCTTVANQFSCKCLTGFTGQKCETDVNECDIPGHCQHGGTCLNLPGSYQCQCPQGFTGQYCDSLYVPCAPSPCVNGGTCRQTGDFTFECNCLPGFEGSTCERNIDDCPNHRCQNGGVCVDGVNTYNCRCPPQWTGQFCTEDVDECLLQPNACQNGGTCANRNGGYGCVCVNGWSGDDCSENIDDCAFASCTPGSTCIDRVASFSCMCPEGKAGLLCHLDDACISNPCHKGALCDTNPLNGQYICTCPQGYKGADCTEDVDECAMANSNPCEHAGKCVNTDGAFHCECLKGYAGPRCEMDINECHSDPCQNDATCLDKIGGFTCLCMPGFKGVHCELEINECQSNPCVNNGQCVDKVNRFQCLCPPGFTGPVCQIDIDDCSSTPCLNGAKCIDHPNGYECQCATGFTGVLCEENIDNCDPDPCHHGQCQDGIDSYTCICNPGYMGAICSDQIDECYSSPCLNDGRCIDLVNGYQCNCQPGTSGVNCEINFDDCASNPCIHGICMDGINRYSCVCSPGFTGQRCNIDIDECASNPCRKGATCINGVNGFRCICPEGPHHPSCYSQVNECLSNPCIHGNCTGGLSGYKCLCDAGWVGINCEVDKNECLSNPCQNGGTCDNLVNGYRCTCKKGFKGYNCQVNIDECASNPCLNQGTCFDDISGYTCHCVLPYTGKNCQTVLAPCSPNPCENAAVCKESPNFESYTCLCAPGWQGQRCTIDIDECISKPCMNHGLCHNTQGSYMCECPPGFSGMDCEEDIDDCLANPCQNGGSCMDGVNTFSCLCLPGFTGDKCQTDMNECLSEPCKNGGTCSDYVNSYTCKCQAGFDGVHCENNINECTESSCFNGGTCVDGINSFSCLCPVGFTGSFCLHEINECSSHPCLNEGTCVDGLGTYRCSCPLGYTGKNCQTLVNLCSRSPCKNKGTCVQKKAESQCLCPSGWAGAYCDVPNVSCDIAASRRGVLVEHLCQHSGVCINAGNTHYCQCPLGYTGSYCEEQLDECASNPCQHGATCSDFIGGYRCECVPGYQGVNCEYEVDECQNQPCQNGGTCIDLVNHFKCSCPPGTRGLLCEENIDDCARGPHCLNGGQCMDRIGGYSCRCLPGFAGERCEGDINECLSNPCSSEGSLDCIQLTNDYLCVCRSAFTGRHCETFVDVCPQMPCLNGGTCAVASNMPDGFICRCPPGFSGARCQSSCGQVKCRKGEQCVHTASGPRCFCPSPRDCESGCASSPCQHGGSCHPQRQPPYYSCQCAPPFSGSRCELYTAPPSTPPATCLSQYCADKARDGVCDEACNSHACQWDGGDCSLTMENPWANCSSPLPCWDYINNQCDELCNTVECLFDNFECQGNSKTCKYDKYCADHFKDNHCDQGCNSEECGWDGLDCAADQPENLAEGTLVIVVLMPPEQLLQDARSFLRALGTLLHTNLRIKRDSQGELMVYPYYGEKSAAMKKQRMTRRSLPGEQEQEVAGSKVFLEIDNRQCVQDSDHCFKNTDAAAALLASHAIQGTLSYPLVSVVSESLTPERTQLLYLLAVAVVIILFIILLGVIMAKRKRKHGSLWLPEGFTLRRDASNHKRREPVGQDAVGLKNLSVQVSEANLIGTGTSEHWVDDEGPQPKKVKAEDEALLSEEDDPIDRRPWTQQHLEAADIRRTPSLALTPPQAEQEVDVLDVNVRGPDGCTPLMLASLRGGSSDLSDEDEDAEDSSANIITDLVYQGASLQAQTDRTGEMALHLAARYSRADAAKRLLDAGADANAQDNMGRCPLHAAVAADAQGVFQILIRNRVTDLDARMNDGTTPLILAARLAVEGMVAELINCQADVNAVDDHGKSALHWAAAVNNVEATLLLLKNGANRDMQDNKEETPLFLAAREGSYEAAKILLDHFANRDITDHMDRLPRDVARDRMHHDIVRLLDEYNVTPSPPGTVLTSALSPVICGPNRSFLSLKHTPMGKKSRRPSAKSTMPTSLPNLAKEAKDAKGSRRKKSLSEKVQLSESSVTLSPVDSLESPHTYVSDTTSSPMITSPGILQASPNPMLATAAPPAPVHAQHALSFSNLHEMQPLAHGASTVLPSVSQLLSHHHIVSPGSGSAGSLSRLHPVPVPADWMNRMEVNETQYNEMFGMVLAPAEGTHPGIAPQSRPPEGKHITTPREPLPPIVTFQLIPKGSIAQPAGAPQPQSTCPPAVAGPLPTMYQIPEMARLPSVAFPTAMMPQQDGQVAQTILPAYHPFPASVGKYPTPPSQHSYASSNAAERTPSHSGHLQGEHPYLTPSPESPDQWSSSSPHSASDWSDVTTSPTPGGAGGGQRGPGTHMSEPPHNNMQVYA,ENSP00000256646
ENST00000256646,1,protein_coding,HCS__chr1_ENST00000256646_16,VCV001177430,119937296:C>A,3763:G>T,1169:G>1169:*,1,85,True,False,,NOTCH2,generic_ensref|ENSP00000256646.2|pep chromosome:GRCh38:1:119911553:120069662:-1 gene:ENSG00000134250.21 transcript:ENST00000256646.7 gene_biotype:protein_coding transcript_biotype:protein_coding gene_symbol:NOTCH2 description:notch receptor 2 [Source:HGNC Symbol;Acc:HGNC:7882] matching_proteins:ENSP00000256646.2,MPALRPALLWALLALWLCCAAPAHALQCRDGYEPCVNEGMCVTYHNGTGYCKCPEGFLGEYCQHRDPCEKNRCQNGGTCVAQAMLGKATCRCASGFTGEDCQYSTSHPCFVSRPCLNGGTCHMLSRDTYECTCQVGFTGKECQWTDACLSHPCANGSTCTTVANQFSCKCLTGFTGQKCETDVNECDIPGHCQHGGTCLNLPGSYQCQCPQGFTGQYCDSLYVPCAPSPCVNGGTCRQTGDFTFECNCLPGFEGSTCERNIDDCPNHRCQNGGVCVDGVNTYNCRCPPQWTGQFCTEDVDECLLQPNACQNGGTCANRNGGYGCVCVNGWSGDDCSENIDDCAFASCTPGSTCIDRVASFSCMCPEGKAGLLCHLDDACISNPCHKGALCDTNPLNGQYICTCPQGYKGADCTEDVDECAMANSNPCEHAGKCVNTDGAFHCECLKGYAGPRCEMDINECHSDPCQNDATCLDKIGGFTCLCMPGFKGVHCELEINECQSNPCVNNGQCVDKVNRFQCLCPPGFTGPVCQIDIDDCSSTPCLNGAKCIDHPNGYECQCATGFTGVLCEENIDNCDPDPCHHGQCQDGIDSYTCICNPGYMGAICSDQIDECYSSPCLNDGRCIDLVNGYQCNCQPGTSGVNCEINFDDCASNPCIHGICMDGINRYSCVCSPGFTGQRCNIDIDECASNPCRKGATCINGVNGFRCICPEGPHHPSCYSQVNECLSNPCIHGNCTGGLSGYKCLCDAGWVGINCEVDKNECLSNPCQNGGTCDNLVNGYRCTCKKGFKGYNCQVNIDECASNPCLNQGTCFDDISGYTCHCVLPYTGKNCQTVLAPCSPNPCENAAVCKESPNFESYTCLCAPGWQGQRCTIDIDECISKPCMNHGLCHNTQGSYMCECPPGFSGMDCEEDIDDCLANPCQNGGSCMDGVNTFSCLCLPGFTGDKCQTDMNECLSEPCKNGGTCSDYVNSYTCKCQAGFDGVHCENNINECTESSCFNGGTCVDGINSFSCLCPVGFTGSFCLHEINECSSHPCLNEGTCVDGLGTYRCSCPLGYTGKNCQTLVNLCSRSPCKNKGTCVQKKAESQCLCPSGWAGAYCDVPNVSCDIAASRRGVLVEHLCQHSGVCINAGNTHYCQCPLGYTGSYCEEQLDECASNPCQHGATCSDFIGGYRCECVPGYQGVNCEYEVDECQNQPCQNGGTCIDLVNHFKCSCPPGTRGLLCEENIDDCARGPHCLNGGQCMDRIGGYSCRCLPGFAGERCEGDINECLSNPCSSEGSLDCIQLTNDYLCVCRSAFTGRHCETFVDVCPQMPCLNGGTCAVASNMPDGFICRCPPGFSGARCQSSCGQVKCRKGEQCVHTASGPRCFCPSPRDCESGCASSPCQHGGSCHPQRQPPYYSCQCAPPFSGSRCELYTAPPSTPPATCLSQYCADKARDGVCDEACNSHACQWDGGDCSLTMENPWANCSSPLPCWDYINNQCDELCNTVECLFDNFECQGNSKTCKYDKYCADHFKDNHCDQGCNSEECGWDGLDCAADQPENLAEGTLVIVVLMPPEQLLQDARSFLRALGTLLHTNLRIKRDSQGELMVYPYYGEKSAAMKKQRMTRRSLPGEQEQEVAGSKVFLEIDNRQCVQDSDHCFKNTDAAAALLASHAIQGTLSYPLVSVVSESLTPERTQLLYLLAVAVVIILFIILLGVIMAKRKRKHGSLWLPEGFTLRRDASNHKRREPVGQDAVGLKNLSVQVSEANLIGTGTSEHWVDDEGPQPKKVKAEDEALLSEEDDPIDRRPWTQQHLEAADIRRTPSLALTPPQAEQEVDVLDVNVRGPDGCTPLMLASLRGGSSDLSDEDEDAEDSSANIITDLVYQGASLQAQTDRTGEMALHLAARYSRADAAKRLLDAGADANAQDNMGRCPLHAAVAADAQGVFQILIRNRVTDLDARMNDGTTPLILAARLAVEGMVAELINCQADVNAVDDHGKSALHWAAAVNNVEATLLLLKNGANRDMQDNKEETPLFLAAREGSYEAAKILLDHFANRDITDHMDRLPRDVARDRMHHDIVRLLDEYNVTPSPPGTVLTSALSPVICGPNRSFLSLKHTPMGKKSRRPSAKSTMPTSLPNLAKEAKDAKGSRRKKSLSEKVQLSESSVTLSPVDSLESPHTYVSDTTSSPMITSPGILQASPNPMLATAAPPAPVHAQHALSFSNLHEMQPLAHGASTVLPSVSQLLSHHHIVSPGSGSAGSLSRLHPVPVPADWMNRMEVNETQYNEMFGMVLAPAEGTHPGIAPQSRPPEGKHITTPREPLPPIVTFQLIPKGSIAQPAGAPQPQSTCPPAVAGPLPTMYQIPEMARLPSVAFPTAMMPQQDGQVAQTILPAYHPFPASVGKYPTPPSQHSYASSNAAERTPSHSGHLQGEHPYLTPSPESPDQWSSSSPHSASDWSDVTTSPTPGGAGGGQRGPGTHMSEPPHNNMQVYA,ENSP00000256646
ENST00000256646,1,protein_coding,HCS__chr1_ENST00000256646_17,VCV001457269,119937389:GGGGG>GGGG,3666:CCCCC>CCCC,1136:CPL>1136:CP(+fs),1,85,True,False,,NOTCH2,generic_ensref|ENSP00000256646.2|pep chromosome:GRCh38:1:119911553:120069662:-1 gene:ENSG00000134250.21 transcript:ENST00000256646.7 gene_biotype:protein_coding transcript_biotype:protein_coding gene_symbol:NOTCH2 description:notch receptor 2 [Source:HGNC Symbol;Acc:HGNC:7882] matching_proteins:ENSP00000256646.2,MPALRPALLWALLALWLCCAAPAHALQCRDGYEPCVNEGMCVTYHNGTGYCKCPEGFLGEYCQHRDPCEKNRCQNGGTCVAQAMLGKATCRCASGFTGEDCQYSTSHPCFVSRPCLNGGTCHMLSRDTYECTCQVGFTGKECQWTDACLSHPCANGSTCTTVANQFSCKCLTGFTGQKCETDVNECDIPGHCQHGGTCLNLPGSYQCQCPQGFTGQYCDSLYVPCAPSPCVNGGTCRQTGDFTFECNCLPGFEGSTCERNIDDCPNHRCQNGGVCVDGVNTYNCRCPPQWTGQFCTEDVDECLLQPNACQNGGTCANRNGGYGCVCVNGWSGDDCSENIDDCAFASCTPGSTCIDRVASFSCMCPEGKAGLLCHLDDACISNPCHKGALCDTNPLNGQYICTCPQGYKGADCTEDVDECAMANSNPCEHAGKCVNTDGAFHCECLKGYAGPRCEMDINECHSDPCQNDATCLDKIGGFTCLCMPGFKGVHCELEINECQSNPCVNNGQCVDKVNRFQCLCPPGFTGPVCQIDIDDCSSTPCLNGAKCIDHPNGYECQCATGFTGVLCEENIDNCDPDPCHHGQCQDGIDSYTCICNPGYMGAICSDQIDECYSSPCLNDGRCIDLVNGYQCNCQPGTSGVNCEINFDDCASNPCIHGICMDGINRYSCVCSPGFTGQRCNIDIDECASNPCRKGATCINGVNGFRCICPEGPHHPSCYSQVNECLSNPCIHGNCTGGLSGYKCLCDAGWVGINCEVDKNECLSNPCQNGGTCDNLVNGYRCTCKKGFKGYNCQVNIDECASNPCLNQGTCFDDISGYTCHCVLPYTGKNCQTVLAPCSPNPCENAAVCKESPNFESYTCLCAPGWQGQRCTIDIDECISKPCMNHGLCHNTQGSYMCECPPGFSGMDCEEDIDDCLANPCQNGGSCMDGVNTFSCLCLPGFTGDKCQTDMNECLSEPCKNGGTCSDYVNSYTCKCQAGFDGVHCENNINECTESSCFNGGTCVDGINSFSCLCPVGFTGSFCLHEINECSSHPCLNEGTCVDGLGTYRCSCPLGYTGKNCQTLVNLCSRSPCKNKGTCVQKKAESQCLCPSGWAGAYCDVPNVSCDIAASRRGVLVEHLCQHSGVCINAGNTHYCQCPLGYTGSYCEEQLDECASNPCQHGATCSDFIGGYRCECVPGYQGVNCEYEVDECQNQPCQNGGTCIDLVNHFKCSCPPGTRGLLCEENIDDCARGPHCLNGGQCMDRIGGYSCRCLPGFAGERCEGDINECLSNPCSSEGSLDCIQLTNDYLCVCRSAFTGRHCETFVDVCPQMPCLNGGTCAVASNMPDGFICRCPPGFSGARCQSSCGQVKCRKGEQCVHTASGPRCFCPSPRDCESGCASSPCQHGGSCHPQRQPPYYSCQCAPPFSGSRCELYTAPPSTPPATCLSQYCADKARDGVCDEACNSHACQWDGGDCSLTMENPWANCSSPLPCWDYINNQCDELCNTVECLFDNFECQGNSKTCKYDKYCADHFKDNHCDQGCNSEECGWDGLDCAADQPENLAEGTLVIVVLMPPEQLLQDARSFLRALGTLLHTNLRIKRDSQGELMVYPYYGEKSAAMKKQRMTRRSLPGEQEQEVAGSKVFLEIDNRQCVQDSDHCFKNTDAAAALLASHAIQGTLSYPLVSVVSESLTPERTQLLYLLAVAVVIILFIILLGVIMAKRKRKHGSLWLPEGFTLRRDASNHKRREPVGQDAVGLKNLSVQVSEANLIGTGTSEHWVDDEGPQPKKVKAEDEALLSEEDDPIDRRPWTQQHLEAADIRRTPSLALTPPQAEQEVDVLDVNVRGPDGCTPLMLASLRGGSSDLSDEDEDAEDSSANIITDLVYQGASLQAQTDRTGEMALHLAARYSRADAAKRLLDAGADANAQDNMGRCPLHAAVAADAQGVFQILIRNRVTDLDARMNDGTTPLILAARLAVEGMVAELINCQADVNAVDDHGKSALHWAAAVNNVEATLLLLKNGANRDMQDNKEETPLFLAAREGSYEAAKILLDHFANRDITDHMDRLPRDVARDRMHHDIVRLLDEYNVTPSPPGTVLTSALSPVICGPNRSFLSLKHTPMGKKSRRPSAKSTMPTSLPNLAKEAKDAKGSRRKKSLSEKVQLSESSVTLSPVDSLESPHTYVSDTTSSPMITSPGILQASPNPMLATAAPPAPVHAQHALSFSNLHEMQPLAHGASTVLPSVSQLLSHHHIVSPGSGSAGSLSRLHPVPVPADWMNRMEVNETQYNEMFGMVLAPAEGTHPGIAPQSRPPEGKHITTPREPLPPIVTFQLIPKGSIAQPAGAPQPQSTCPPAVAGPLPTMYQIPEMARLPSVAFPTAMMPQQDGQVAQTILPAYHPFPASVGKYPTPPSQHSYASSNAAERTPSHSGHLQGEHPYLTPSPESPDQWSSSSPHSASDWSDVTTSPTPGGAGGGQRGPGTHMSEPPHNNMQVYA,ENSP00000256646
ENST00000256646,1,protein_coding,HCS__chr1_ENST00000256646_19,VCV001451302,119953672:CACA>CA,2488:TGTG>TG,744:CD>744:*(+fs),1,85,True,False,,NOTCH2,generic_ensref|ENSP00000256646.2|pep chromosome:GRCh38:1:119911553:120069662:-1 gene:ENSG00000134250.21 transcript:ENST00000256646.7 gene_biotype:protein_coding transcript_biotype:protein_coding gene_symbol:NOTCH2 description:notch receptor 2 [Source:HGNC Symbol;Acc:HGNC:7882] matching_proteins:ENSP00000256646.2,MPALRPALLWALLALWLCCAAPAHALQCRDGYEPCVNEGMCVTYHNGTGYCKCPEGFLGEYCQHRDPCEKNRCQNGGTCVAQAMLGKATCRCASGFTGEDCQYSTSHPCFVSRPCLNGGTCHMLSRDTYECTCQVGFTGKECQWTDACLSHPCANGSTCTTVANQFSCKCLTGFTGQKCETDVNECDIPGHCQHGGTCLNLPGSYQCQCPQGFTGQYCDSLYVPCAPSPCVNGGTCRQTGDFTFECNCLPGFEGSTCERNIDDCPNHRCQNGGVCVDGVNTYNCRCPPQWTGQFCTEDVDECLLQPNACQNGGTCANRNGGYGCVCVNGWSGDDCSENIDDCAFASCTPGSTCIDRVASFSCMCPEGKAGLLCHLDDACISNPCHKGALCDTNPLNGQYICTCPQGYKGADCTEDVDECAMANSNPCEHAGKCVNTDGAFHCECLKGYAGPRCEMDINECHSDPCQNDATCLDKIGGFTCLCMPGFKGVHCELEINECQSNPCVNNGQCVDKVNRFQCLCPPGFTGPVCQIDIDDCSSTPCLNGAKCIDHPNGYECQCATGFTGVLCEENIDNCDPDPCHHGQCQDGIDSYTCICNPGYMGAICSDQIDECYSSPCLNDGRCIDLVNGYQCNCQPGTSGVNCEINFDDCASNPCIHGICMDGINRYSCVCSPGFTGQRCNIDIDECASNPCRKGATCINGVNGFRCICPEGPHHPSCYSQVNECLSNPCIHGNCTGGLSGYKCLCDAGWVGINCEVDKNECLSNPCQNGGTCDNLVNGYRCTCKKGFKGYNCQVNIDECASNPCLNQGTCFDDISGYTCHCVLPYTGKNCQTVLAPCSPNPCENAAVCKESPNFESYTCLCAPGWQGQRCTIDIDECISKPCMNHGLCHNTQGSYMCECPPGFSGMDCEEDIDDCLANPCQNGGSCMDGVNTFSCLCLPGFTGDKCQTDMNECLSEPCKNGGTCSDYVNSYTCKCQAGFDGVHCENNINECTESSCFNGGTCVDGINSFSCLCPVGFTGSFCLHEINECSSHPCLNEGTCVDGLGTYRCSCPLGYTGKNCQTLVNLCSRSPCKNKGTCVQKKAESQCLCPSGWAGAYCDVPNVSCDIAASRRGVLVEHLCQHSGVCINAGNTHYCQCPLGYTGSYCEEQLDECASNPCQHGATCSDFIGGYRCECVPGYQGVNCEYEVDECQNQPCQNGGTCIDLVNHFKCSCPPGTRGLLCEENIDDCARGPHCLNGGQCMDRIGGYSCRCLPGFAGERCEGDINECLSNPCSSEGSLDCIQLTNDYLCVCRSAFTGRHCETFVDVCPQMPCLNGGTCAVASNMPDGFICRCPPGFSGARCQSSCGQVKCRKGEQCVHTASGPRCFCPSPRDCESGCASSPCQHGGSCHPQRQPPYYSCQCAPPFSGSRCELYTAPPSTPPATCLSQYCADKARDGVCDEACNSHACQWDGGDCSLTMENPWANCSSPLPCWDYINNQCDELCNTVECLFDNFECQGNSKTCKYDKYCADHFKDNHCDQGCNSEECGWDGLDCAADQPENLAEGTLVIVVLMPPEQLLQDARSFLRALGTLLHTNLRIKRDSQGELMVYPYYGEKSAAMKKQRMTRRSLPGEQEQEVAGSKVFLEIDNRQCVQDSDHCFKNTDAAAALLASHAIQGTLSYPLVSVVSESLTPERTQLLYLLAVAVVIILFIILLGVIMAKRKRKHGSLWLPEGFTLRRDASNHKRREPVGQDAVGLKNLSVQVSEANLIGTGTSEHWVDDEGPQPKKVKAEDEALLSEEDDPIDRRPWTQQHLEAADIRRTPSLALTPPQAEQEVDVLDVNVRGPDGCTPLMLASLRGGSSDLSDEDEDAEDSSANIITDLVYQGASLQAQTDRTGEMALHLAARYSRADAAKRLLDAGADANAQDNMGRCPLHAAVAADAQGVFQILIRNRVTDLDARMNDGTTPLILAARLAVEGMVAELINCQADVNAVDDHGKSALHWAAAVNNVEATLLLLKNGANRDMQDNKEETPLFLAAREGSYEAAKILLDHFANRDITDHMDRLPRDVARDRMHHDIVRLLDEYNVTPSPPGTVLTSALSPVICGPNRSFLSLKHTPMGKKSRRPSAKSTMPTSLPNLAKEAKDAKGSRRKKSLSEKVQLSESSVTLSPVDSLESPHTYVSDTTSSPMITSPGILQASPNPMLATAAPPAPVHAQHALSFSNLHEMQPLAHGASTVLPSVSQLLSHHHIVSPGSGSAGSLSRLHPVPVPADWMNRMEVNETQYNEMFGMVLAPAEGTHPGIAPQSRPPEGKHITTPREPLPPIVTFQLIPKGSIAQPAGAPQPQSTCPPAVAGPLPTMYQIPEMARLPSVAFPTAMMPQQDGQVAQTILPAYHPFPASVGKYPTPPSQHSYASSNAAERTPSHSGHLQGEHPYLTPSPESPDQWSSSSPHSASDWSDVTTSPTPGGAGGGQRGPGTHMSEPPHNNMQVYA,ENSP00000256646
ENST00000256646,1,protein_coding,HCS__chr1_ENST00000256646_1a,VCV001068831,119965466:G>T,1923:C>A,555:C>555:*,1,85,True,False,,NOTCH2,generic_ensref|ENSP00000256646.2|pep chromosome:GRCh38:1:119911553:120069662:-1 gene:ENSG00000134250.21 transcript:ENST00000256646.7 gene_biotype:protein_coding transcript_biotype:protein_coding gene_symbol:NOTCH2 description:notch receptor 2 [Source:HGNC Symbol;Acc:HGNC:7882] matching_proteins:ENSP00000256646.2,MPALRPALLWALLALWLCCAAPAHALQCRDGYEPCVNEGMCVTYHNGTGYCKCPEGFLGEYCQHRDPCEKNRCQNGGTCVAQAMLGKATCRCASGFTGEDCQYSTSHPCFVSRPCLNGGTCHMLSRDTYECTCQVGFTGKECQWTDACLSHPCANGSTCTTVANQFSCKCLTGFTGQKCETDVNECDIPGHCQHGGTCLNLPGSYQCQCPQGFTGQYCDSLYVPCAPSPCVNGGTCRQTGDFTFECNCLPGFEGSTCERNIDDCPNHRCQNGGVCVDGVNTYNCRCPPQWTGQFCTEDVDECLLQPNACQNGGTCANRNGGYGCVCVNGWSGDDCSENIDDCAFASCTPGSTCIDRVASFSCMCPEGKAGLLCHLDDACISNPCHKGALCDTNPLNGQYICTCPQGYKGADCTEDVDECAMANSNPCEHAGKCVNTDGAFHCECLKGYAGPRCEMDINECHSDPCQNDATCLDKIGGFTCLCMPGFKGVHCELEINECQSNPCVNNGQCVDKVNRFQCLCPPGFTGPVCQIDIDDCSSTPCLNGAKCIDHPNGYECQCATGFTGVLCEENIDNCDPDPCHHGQCQDGIDSYTCICNPGYMGAICSDQIDECYSSPCLNDGRCIDLVNGYQCNCQPGTSGVNCEINFDDCASNPCIHGICMDGINRYSCVCSPGFTGQRCNIDIDECASNPCRKGATCINGVNGFRCICPEGPHHPSCYSQVNECLSNPCIHGNCTGGLSGYKCLCDAGWVGINCEVDKNECLSNPCQNGGTCDNLVNGYRCTCKKGFKGYNCQVNIDECASNPCLNQGTCFDDISGYTCHCVLPYTGKNCQTVLAPCSPNPCENAAVCKESPNFESYTCLCAPGWQGQRCTIDIDECISKPCMNHGLCHNTQGSYMCECPPGFSGMDCEEDIDDCLANPCQNGGSCMDGVNTFSCLCLPGFTGDKCQTDMNECLSEPCKNGGTCSDYVNSYTCKCQAGFDGVHCENNINECTESSCFNGGTCVDGINSFSCLCPVGFTGSFCLHEINECSSHPCLNEGTCVDGLGTYRCSCPLGYTGKNCQTLVNLCSRSPCKNKGTCVQKKAESQCLCPSGWAGAYCDVPNVSCDIAASRRGVLVEHLCQHSGVCINAGNTHYCQCPLGYTGSYCEEQLDECASNPCQHGATCSDFIGGYRCECVPGYQGVNCEYEVDECQNQPCQNGGTCIDLVNHFKCSCPPGTRGLLCEENIDDCARGPHCLNGGQCMDRIGGYSCRCLPGFAGERCEGDINECLSNPCSSEGSLDCIQLTNDYLCVCRSAFTGRHCETFVDVCPQMPCLNGGTCAVASNMPDGFICRCPPGFSGARCQSSCGQVKCRKGEQCVHTASGPRCFCPSPRDCESGCASSPCQHGGSCHPQRQPPYYSCQCAPPFSGSRCELYTAPPSTPPATCLSQYCADKARDGVCDEACNSHACQWDGGDCSLTMENPWANCSSPLPCWDYINNQCDELCNTVECLFDNFECQGNSKTCKYDKYCADHFKDNHCDQGCNSEECGWDGLDCAADQPENLAEGTLVIVVLMPPEQLLQDARSFLRALGTLLHTNLRIKRDSQGELMVYPYYGEKSAAMKKQRMTRRSLPGEQEQEVAGSKVFLEIDNRQCVQDSDHCFKNTDAAAALLASHAIQGTLSYPLVSVVSESLTPERTQLLYLLAVAVVIILFIILLGVIMAKRKRKHGSLWLPEGFTLRRDASNHKRREPVGQDAVGLKNLSVQVSEANLIGTGTSEHWVDDEGPQPKKVKAEDEALLSEEDDPIDRRPWTQQHLEAADIRRTPSLALTPPQAEQEVDVLDVNVRGPDGCTPLMLASLRGGSSDLSDEDEDAEDSSANIITDLVYQGASLQAQTDRTGEMALHLAARYSRADAAKRLLDAGADANAQDNMGRCPLHAAVAADAQGVFQILIRNRVTDLDARMNDGTTPLILAARLAVEGMVAELINCQADVNAVDDHGKSALHWAAAVNNVEATLLLLKNGANRDMQDNKEETPLFLAAREGSYEAAKILLDHFANRDITDHMDRLPRDVARDRMHHDIVRLLDEYNVTPSPPGTVLTSALSPVICGPNRSFLSLKHTPMGKKSRRPSAKSTMPTSLPNLAKEAKDAKGSRRKKSLSEKVQLSESSVTLSPVDSLESPHTYVSDTTSSPMITSPGILQASPNPMLATAAPPAPVHAQHALSFSNLHEMQPLAHGASTVLPSVSQLLSHHHIVSPGSGSAGSLSRLHPVPVPADWMNRMEVNETQYNEMFGMVLAPAEGTHPGIAPQSRPPEGKHITTPREPLPPIVTFQLIPKGSIAQPAGAPQPQSTCPPAVAGPLPTMYQIPEMARLPSVAFPTAMMPQQDGQVAQTILPAYHPFPASVGKYPTPPSQHSYASSNAAERTPSHSGHLQGEHPYLTPSPESPDQWSSSSPHSASDWSDVTTSPTPGGAGGGQRGPGTHMSEPPHNNMQVYA,ENSP00000256646
ENST00000256646,1,protein_coding,HCS__chr1_ENST00000256646_1b,VCV002029083,119969718:C>A,1156:G>T,300:E>300:*,1,85,True,False,,NOTCH2,generic_ensref|ENSP00000256646.2|pep chromosome:GRCh38:1:119911553:120069662:-1 gene:ENSG00000134250.21 transcript:ENST00000256646.7 gene_biotype:protein_coding transcript_biotype:protein_coding gene_symbol:NOTCH2 description:notch receptor 2 [Source:HGNC Symbol;Acc:HGNC:7882] matching_proteins:ENSP00000256646.2,MPALRPALLWALLALWLCCAAPAHALQCRDGYEPCVNEGMCVTYHNGTGYCKCPEGFLGEYCQHRDPCEKNRCQNGGTCVAQAMLGKATCRCASGFTGEDCQYSTSHPCFVSRPCLNGGTCHMLSRDTYECTCQVGFTGKECQWTDACLSHPCANGSTCTTVANQFSCKCLTGFTGQKCETDVNECDIPGHCQHGGTCLNLPGSYQCQCPQGFTGQYCDSLYVPCAPSPCVNGGTCRQTGDFTFECNCLPGFEGSTCERNIDDCPNHRCQNGGVCVDGVNTYNCRCPPQWTGQFCTEDVDECLLQPNACQNGGTCANRNGGYGCVCVNGWSGDDCSENIDDCAFASCTPGSTCIDRVASFSCMCPEGKAGLLCHLDDACISNPCHKGALCDTNPLNGQYICTCPQGYKGADCTEDVDECAMANSNPCEHAGKCVNTDGAFHCECLKGYAGPRCEMDINECHSDPCQNDATCLDKIGGFTCLCMPGFKGVHCELEINECQSNPCVNNGQCVDKVNRFQCLCPPGFTGPVCQIDIDDCSSTPCLNGAKCIDHPNGYECQCATGFTGVLCEENIDNCDPDPCHHGQCQDGIDSYTCICNPGYMGAICSDQIDECYSSPCLNDGRCIDLVNGYQCNCQPGTSGVNCEINFDDCASNPCIHGICMDGINRYSCVCSPGFTGQRCNIDIDECASNPCRKGATCINGVNGFRCICPEGPHHPSCYSQVNECLSNPCIHGNCTGGLSGYKCLCDAGWVGINCEVDKNECLSNPCQNGGTCDNLVNGYRCTCKKGFKGYNCQVNIDECASNPCLNQGTCFDDISGYTCHCVLPYTGKNCQTVLAPCSPNPCENAAVCKESPNFESYTCLCAPGWQGQRCTIDIDECISKPCMNHGLCHNTQGSYMCECPPGFSGMDCEEDIDDCLANPCQNGGSCMDGVNTFSCLCLPGFTGDKCQTDMNECLSEPCKNGGTCSDYVNSYTCKCQAGFDGVHCENNINECTESSCFNGGTCVDGINSFSCLCPVGFTGSFCLHEINECSSHPCLNEGTCVDGLGTYRCSCPLGYTGKNCQTLVNLCSRSPCKNKGTCVQKKAESQCLCPSGWAGAYCDVPNVSCDIAASRRGVLVEHLCQHSGVCINAGNTHYCQCPLGYTGSYCEEQLDECASNPCQHGATCSDFIGGYRCECVPGYQGVNCEYEVDECQNQPCQNGGTCIDLVNHFKCSCPPGTRGLLCEENIDDCARGPHCLNGGQCMDRIGGYSCRCLPGFAGERCEGDINECLSNPCSSEGSLDCIQLTNDYLCVCRSAFTGRHCETFVDVCPQMPCLNGGTCAVASNMPDGFICRCPPGFSGARCQSSCGQVKCRKGEQCVHTASGPRCFCPSPRDCESGCASSPCQHGGSCHPQRQPPYYSCQCAPPFSGSRCELYTAPPSTPPATCLSQYCADKARDGVCDEACNSHACQWDGGDCSLTMENPWANCSSPLPCWDYINNQCDELCNTVECLFDNFECQGNSKTCKYDKYCADHFKDNHCDQGCNSEECGWDGLDCAADQPENLAEGTLVIVVLMPPEQLLQDARSFLRALGTLLHTNLRIKRDSQGELMVYPYYGEKSAAMKKQRMTRRSLPGEQEQEVAGSKVFLEIDNRQCVQDSDHCFKNTDAAAALLASHAIQGTLSYPLVSVVSESLTPERTQLLYLLAVAVVIILFIILLGVIMAKRKRKHGSLWLPEGFTLRRDASNHKRREPVGQDAVGLKNLSVQVSEANLIGTGTSEHWVDDEGPQPKKVKAEDEALLSEEDDPIDRRPWTQQHLEAADIRRTPSLALTPPQAEQEVDVLDVNVRGPDGCTPLMLASLRGGSSDLSDEDEDAEDSSANIITDLVYQGASLQAQTDRTGEMALHLAARYSRADAAKRLLDAGADANAQDNMGRCPLHAAVAADAQGVFQILIRNRVTDLDARMNDGTTPLILAARLAVEGMVAELINCQADVNAVDDHGKSALHWAAAVNNVEATLLLLKNGANRDMQDNKEETPLFLAAREGSYEAAKILLDHFANRDITDHMDRLPRDVARDRMHHDIVRLLDEYNVTPSPPGTVLTSALSPVICGPNRSFLSLKHTPMGKKSRRPSAKSTMPTSLPNLAKEAKDAKGSRRKKSLSEKVQLSESSVTLSPVDSLESPHTYVSDTTSSPMITSPGILQASPNPMLATAAPPAPVHAQHALSFSNLHEMQPLAHGASTVLPSVSQLLSHHHIVSPGSGSAGSLSRLHPVPVPADWMNRMEVNETQYNEMFGMVLAPAEGTHPGIAPQSRPPEGKHITTPREPLPPIVTFQLIPKGSIAQPAGAPQPQSTCPPAVAGPLPTMYQIPEMARLPSVAFPTAMMPQQDGQVAQTILPAYHPFPASVGKYPTPPSQHSYASSNAAERTPSHSGHLQGEHPYLTPSPESPDQWSSSSPHSASDWSDVTTSPTPGGAGGGQRGPGTHMSEPPHNNMQVYA,ENSP00000256646
