coordinate,consequence,accession
1:g.119915309C>G,synonymous_variant,VCV001927348
1:g.119915317C>T,missense_variant,VCV002118969
1:g.119915320G>T,missense_variant,VCV001964735
1:g.119915354C>G,synonymous_variant,VCV002102486
1:g.119915369A>G,synonymous_variant,VCV002015217
1:g.119915384C>A,synonymous_variant,VCV002068546
1:g.119915386C>G,missense_variant,VCV001424925
1:g.119915396G>A,synonymous_variant,VCV001629266
1:g.119915399G>T,synonymous_variant,VCV002050630
1:g.119915405C>A,synonymous_variant,VCV002001133
1:g.119915453G>T,missense_variant,VCV001930385
1:g.119915504A>G,synonymous_variant,VCV002061656
1:g.119915525C>T,synonymous_variant,VCV001985533
1:g.119915546A>G,synonymous_variant,VCV002048092
1:g.119915563G>T,missense_variant,VCV002096763
1:g.119915576C>T,synonymous_variant,VCV001616924
1:g.119915582C>G,synonymous_variant,VCV001574670
1:g.119915593G>T,missense_variant,VCV002050244
1:g.119915596A>G,missense_variant,VCV002138836
1:g.119915597A>G,synonymous_variant,VCV002202321
1:g.119915597A>C,synonymous_variant,VCV002077985
1:g.119915623G>A,stop_gained,VCV002127842
1:g.119915652A>G,missense_variant,VCV001913961
1:g.119915667G>A,missense_variant,VCV001967066
1:g.119915676G>A,missense_variant,VCV002581458
1:g.119915684G>C,synonymous_variant,VCV001561094
1:g.119915692C>A,stop_gained,VCV001992457
1:g.119915720G>A,synonymous_variant,VCV001561865
1:g.119915777A>G,synonymous_variant,VCV001587176
1:g.119915812T>G,missense_variant,VCV001519462
1:g.119915851C>T,missense_variant,VCV001487737
1:g.119915890T>TT,frameshift_variant,VCV001685986
1:g.119915897A>C,synonymous_variant,VCV001659566
1:g.119915920A>T,missense_variant,VCV001473714
1:g.119915971C>T,missense_variant,VCV002087413
1:g.119915993C>T,synonymous_variant,VCV001563857
1:g.119916012C>G,missense_variant,VCV001951980
1:g.119916023T>C,synonymous_variant,VCV002040214
1:g.119916032A>C,missense_variant,VCV002090333
1:g.119916044G>A,synonymous_variant,VCV001980280
1:g.119916051A>G,missense_variant,VCV002190952
1:g.119916055G>A,stop_gained,VCV001805545
1:g.119916082C>T,missense_variant,VCV002048111
1:g.119916082C>A,missense_variant,VCV001716585
1:g.119916104T>G,missense_variant,VCV001695778
1:g.119916115T>G,missense_variant,VCV001426609
1:g.119916125T>C,synonymous_variant,VCV001916177
1:g.119916136G>A,stop_gained,VCV001329467
1:g.119916158G>C,synonymous_variant,VCV001579329
1:g.119916179G>A,synonymous_variant,VCV001140767
1:g.119916201C>G,missense_variant,VCV002014305
1:g.119916224G>A,synonymous_variant,VCV001992537
1:g.119916248G>A,synonymous_variant,VCV001632744
1:g.119916248G>T,missense_variant,VCV001515983
1:g.119916299C>G,synonymous_variant,VCV001588619
1:g.119916318A>G,missense_variant,VCV001484826
1:g.119916329C>T,synonymous_variant,VCV002086032
1:g.119916334T>G,synonymous_variant,VCV001906724
1:g.119916440C>T,synonymous_variant,VCV001152901
1:g.119916443G>A,synonymous_variant,VCV001644534
1:g.119916453G>C,missense_variant,VCV001716167
1:g.119916488A>G,synonymous_variant,VCV002154044
1:g.119916551G>A,synonymous_variant,VCV001988364
1:g.119916556G>A,missense_variant,VCV002141947
1:g.119916564C>T,missense_variant,VCV001928117
1:g.119916581C>T,synonymous_variant,VCV001638037
1:g.119916599A>G,synonymous_variant,VCV001964350
1:g.119916634A>G,synonymous_variant,VCV002018713
1:g.119916635C>G,synonymous_variant,VCV001593836
1:g.119916638G>T,synonymous_variant,VCV002182608
1:g.119916677A>G,synonymous_variant,VCV001167385
1:g.119916707C>A,splice_polypyrimidine_tract_variant,VCV001570234
1:g.119917651C>A,intron_variant,VCV001614265
1:g.119917668G>C,missense_variant,VCV002088549
1:g.119917705A>C,missense_variant,VCV002000407
1:g.119917741G>T,missense_variant,VCV002009281
1:g.119917746G>A,synonymous_variant,VCV002198178
1:g.119918394T>C,intron_variant,VCV001630518
1:g.119918431C>A,synonymous_variant,VCV001626777
1:g.119918431C>T,synonymous_variant,VCV001512237
1:g.119918471G>A,missense_variant,VCV002040638
1:g.119918536T>C,synonymous_variant,VCV001431762
1:g.119918558A>G,splice_region_variant,VCV002097100
1:g.119919293C>T,intron_variant,VCV002176778
1:g.119919298C>T,intron_variant,VCV001993435
1:g.119919302T>C,intron_variant,VCV001989247
1:g.119919318G>A,synonymous_variant,VCV001126250
1:g.119919471G>A,synonymous_variant,VCV001540501
1:g.119919501G>A,synonymous_variant,VCV001608956
1:g.119919597C>A,missense_variant,VCV001709642
1:g.119919619G>A,splice_region_variant,VCV002081738
1:g.119920219C>A,intron_variant,VCV001954472
1:g.119920220G>A,intron_variant,VCV001619390
1:g.119920221G>A,splice_region_variant,VCV001985038
1:g.119920254C>T,synonymous_variant,VCV002021840
1:g.119920324T>G,missense_variant,VCV001395289
1:g.119920402A>C,splice_region_variant,VCV002085481
1:g.119920404G>C,splice_region_variant,VCV002420094
1:g.119920417C>G,intron_variant,VCV002030958
1:g.119921696T>C,intron_variant,VCV001957163
1:g.119921700A>G,intron_variant,VCV001626968
1:g.119921806A>G,synonymous_variant,VCV001590104
1:g.119921821A>G,splice_polypyrimidine_tract_variant,VCV001588243
1:g.119922220T>C,intron_variant,VCV001669256
1:g.119922269C>A,missense_variant,VCV002189326
1:g.119922279G>T,missense_variant,VCV001719698
1:g.119922297G>C,missense_variant,VCV001998436
1:g.119922301A>G,synonymous_variant,VCV002082140
1:g.119922367C>T,synonymous_variant,VCV002076636
1:g.119922385G>T,synonymous_variant,VCV002167826
1:g.119922412G>C,synonymous_variant,VCV002075872
1:g.119922426G>A,missense_variant,VCV002067558
1:g.119922441A>G,missense_variant,VCV002097702
1:g.119922462G>T,splice_polypyrimidine_tract_variant,VCV001529308
1:g.119922640G>A,synonymous_variant,VCV001596662
1:g.119922668C>T,missense_variant,VCV002009444
1:g.119922691G>A,synonymous_variant,VCV001898548
1:g.119922699C>A,missense_variant,VCV001509493
1:g.119922750G>A,missense_variant,VCV001399202
1:g.119922786A>T,splice_region_variant,VCV002200395
1:g.119922793G>A,splice_polypyrimidine_tract_variant,VCV002050271
1:g.119923650G>C,missense_variant,VCV002188379
1:g.119923654T>C,synonymous_variant,VCV001591154
1:g.119923725G>A,missense_variant,VCV002125044
1:g.119923819G>A,synonymous_variant,VCV001608269
1:g.119923831A>G,synonymous_variant,VCV001663258
1:g.119923891A>G,synonymous_variant,VCV001561712
1:g.119923994G>C,splice_polypyrimidine_tract_variant,VCV002140300
1:g.119925292G>C,intron_variant,VCV001962755
1:g.119925295A>G,intron_variant,VCV002179962
1:g.119925298C>A,splice_region_variant,VCV001651838
1:g.119925299C>T,splice_donor_region_variant,VCV002413577
1:g.119925322C>T,synonymous_variant,VCV002189082
1:g.119925325C>T,synonymous_variant,VCV002074215
1:g.119925338T>C,missense_variant,VCV002110880
1:g.119925346C>G,synonymous_variant,VCV002129238
1:g.119925355G>A,synonymous_variant,VCV001131771
1:g.119925424G>A,synonymous_variant,VCV002029090
1:g.119925433G>T,missense_variant,VCV002131737
1:g.119925462C>T,missense_variant,VCV001943525
1:g.119925475G>C,synonymous_variant,VCV002188164
1:g.119925475G>A,synonymous_variant,VCV002121627
1:g.119925500C>T,missense_variant,VCV001446894
1:g.119925540G>T,missense_variant,VCV001397260
1:g.119925543A>G,missense_variant,VCV002429285
1:g.119925564G>A,missense_variant,VCV001720415
1:g.119925571C>T,synonymous_variant,VCV002085493
1:g.119925573T>C,missense_variant,VCV002182607
1:g.119925583A>G,synonymous_variant,VCV001961639
1:g.119925614T>C,missense_variant,VCV001698674
1:g.119925619G>C,synonymous_variant,VCV001924464
1:g.119925629G>C,missense_variant,VCV001718796
1:g.119925661G>A,synonymous_variant,VCV001670708
1:g.119925671G>C,missense_variant,VCV001424486
1:g.119925687C>T,missense_variant,VCV001939988
1:g.119925703G>C,synonymous_variant,VCV001570869
1:g.119925736G>A,synonymous_variant,VCV002418999
1:g.119925751C>T,synonymous_variant,VCV001952410
1:g.119925777C>T,missense_variant,VCV001346789
1:g.119925797G>A,missense_variant,VCV001699062
1:g.119925814T>C,splice_region_variant,VCV001598105
1:g.119925828G>A,intron_variant,VCV002098535
1:g.119926485A>G,intron_variant,VCV002090951
1:g.119926486A>G,intron_variant,VCV001943259
1:g.119926490G>T,intron_variant,VCV002028618
1:g.119926507A>G,missense_variant,VCV002003309
1:g.119926584A>G,missense_variant,VCV001930697
1:g.119926587T>G,missense_variant,VCV001996175
1:g.119926592G>A,synonymous_variant,VCV001579947
1:g.119926607C>T,synonymous_variant,VCV002000726
1:g.119926610G>C,splice_region_variant,VCV001999971
1:g.119926630A>G,intron_variant,VCV002048823
1:g.119928963G>C,intron_variant,VCV002028030
1:g.119929070G>A,synonymous_variant,VCV001610687
1:g.119929118A>G,synonymous_variant,VCV001530528
1:g.119929145G>A,synonymous_variant,VCV001935958
1:g.119929148C>T,synonymous_variant,VCV002156867
1:g.119929184G>A,synonymous_variant,VCV002149563
1:g.119929228G>C,splice_polypyrimidine_tract_variant,VCV002416609
1:g.119935551C>T,synonymous_variant,VCV002054173
1:g.119935561T>A,missense_variant,VCV002113351
1:g.119935566T>C,synonymous_variant,VCV001132541
1:g.119935600A>G,missense_variant,VCV001358782
1:g.119935614G>A,splice_polypyrimidine_tract_variant,VCV001589567
1:g.119935620A>G,splice_polypyrimidine_tract_variant,VCV001971397
1:g.119935621A>G,splice_polypyrimidine_tract_variant,VCV002142251
1:g.119937296C>A,stop_gained,VCV001177430
1:g.119937297A>G,synonymous_variant,VCV002092936
1:g.119937315T>C,synonymous_variant,VCV001928551
1:g.119937324G>A,synonymous_variant,VCV002051616
1:g.119937342C>T,synonymous_variant,VCV001564834
1:g.119937354G>A,synonymous_variant,VCV001590138
1:g.119937357T>C,synonymous_variant,VCV001538228
1:g.119937402G>A,synonymous_variant,VCV002184547
1:g.119937408C>T,synonymous_variant,VCV002077769
1:g.119937408C>A,synonymous_variant,VCV001955355
1:g.119937876G>A,synonymous_variant,VCV002134549
1:g.119937897G>A,synonymous_variant,VCV002050996
1:g.119937930T>C,synonymous_variant,VCV001953370
1:g.119937948T>C,synonymous_variant,VCV001548482
1:g.119937966A>G,synonymous_variant,VCV001544735
1:g.119937970T>G,missense_variant,VCV001380308
1:g.119937984A>T,synonymous_variant,VCV002133019
1:g.119938007G>A,synonymous_variant,VCV001989665
1:g.119940540A>G,intron_variant,VCV002014154
1:g.119940551T>C,splice_donor_region_variant,VCV001910788
1:g.119940594G>A,synonymous_variant,VCV001905704
1:g.119940615A>C,synonymous_variant,VCV001541779
1:g.119940627C>T,synonymous_variant,VCV001967692
1:g.119940630A>G,synonymous_variant,VCV001995944
1:g.119940633C>T,synonymous_variant,VCV001101805
1:g.119940636G>A,synonymous_variant,VCV001646524
1:g.119940644G>A,missense_variant,VCV001945776
1:g.119940678G>A,synonymous_variant,VCV001662470
1:g.119940685G>T,missense_variant,VCV001720672
1:g.119940699G>A,synonymous_variant,VCV001668285
1:g.119940730A>G,missense_variant,VCV001912507
1:g.119940759A>G,splice_region_variant,VCV001469819
1:g.119940765C>A,splice_polypyrimidine_tract_variant,VCV001604018
1:g.119940769C>T,splice_polypyrimidine_tract_variant,VCV001619216
1:g.119941507C>T,intron_variant,VCV002056437
1:g.119941507C>A,intron_variant,VCV001587270
1:g.119941508G>A,intron_variant,VCV001544246
1:g.119941515T>C,intron_variant,VCV001262351
1:g.119941523C>T,splice_donor_region_variant,VCV002100361
1:g.119941592G>A,missense_variant,VCV001447406
1:g.119941711A>C,synonymous_variant,VCV002037895
1:g.119941713T>C,missense_variant,VCV001395760
1:g.119941715T>C,missense_variant,VCV001392566
1:g.119941762A>T,splice_region_variant,VCV002144553
1:g.119941766C>A,splice_polypyrimidine_tract_variant,VCV001982813
1:g.119941773A>T,intron_variant,VCV002006181
1:g.119941798G>A,intron_variant,VCV001293670
1:g.119948397C>G,intron_variant,VCV001598592
1:g.119948467G>A,missense_variant,VCV001460637
1:g.119948472T>C,synonymous_variant,VCV001996595
1:g.119948481G>A,synonymous_variant,VCV002117336
1:g.119948505G>A,synonymous_variant,VCV001969302
1:g.119948564G>C,missense_variant,VCV001372394
1:g.119948584A>G,intron_variant,VCV002000436
1:g.119949018G>A,missense_variant,VCV001348940
1:g.119949046A>G,missense_variant,VCV001699294
1:g.119949130G>C,splice_region_variant,VCV001600586
1:g.119949139T>C,splice_polypyrimidine_tract_variant,VCV002030416
1:g.119949140G>A,splice_polypyrimidine_tract_variant,VCV002165299
1:g.119950728G>A,synonymous_variant,VCV002045192
1:g.119950752G>A,synonymous_variant,VCV002201740
1:g.119950764G>A,synonymous_variant,VCV002056455
1:g.119950767A>G,synonymous_variant,VCV001578526
1:g.119950841T>C,splice_region_variant,VCV002195337
1:g.119953527G>A,intron_variant,VCV002198186
1:g.119953543C>T,missense_variant,VCV001699130
1:g.119953556C>A,missense_variant,VCV001523286
1:g.119953569C>A,missense_variant,VCV001390756
1:g.119953587T>C,missense_variant,VCV002106024
1:g.119953614G>A,missense_variant,VCV001930474
1:g.119953634T>G,missense_variant,VCV002200489
1:g.119953664G>C,synonymous_variant,VCV002126355
1:g.119953685A>G,synonymous_variant,VCV001673155
1:g.119953686T>G,missense_variant,VCV002121579
1:g.119953686T>C,missense_variant,VCV002013417
1:g.119955025G>A,intron_variant,VCV001954449
1:g.119955117G>A,synonymous_variant,VCV001558511
1:g.119955126T>G,synonymous_variant,VCV001632256
1:g.119955132G>A,synonymous_variant,VCV001537255
1:g.119955162G>A,synonymous_variant,VCV002092262
1:g.119955195G>A,synonymous_variant,VCV001558056
1:g.119955238G>T,splice_region_variant,VCV002066426
1:g.119955239A>G,splice_region_variant,VCV002171524
1:g.119959386C>G,splice_donor_region_variant,VCV001500598
1:g.119959386C>T,splice_donor_region_variant,VCV001442448
1:g.119959402T>C,synonymous_variant,VCV002153749
1:g.119959463T>A,missense_variant,VCV001445070
1:g.119959495A>G,synonymous_variant,VCV002070556
1:g.119959521C>T,intron_variant,VCV002081356
1:g.119959522G>A,intron_variant,VCV001900761
1:g.119963562G>A,intron_variant,VCV001578132
1:g.119963565T>C,intron_variant,VCV002039207
1:g.119963578C>T,synonymous_variant,VCV001584474
1:g.119963584T>C,synonymous_variant,VCV002157906
1:g.119963635G>A,synonymous_variant,VCV001989277
1:g.119963655A>G,missense_variant,VCV002042669
1:g.119963672T>A,missense_variant,VCV001722065
1:g.119963686G>A,synonymous_variant,VCV001580348
1:g.119963761G>A,synonymous_variant,VCV002170572
1:g.119963780T>A,missense_variant,VCV001715368
1:g.119965434A>C,intron_variant,VCV002189660
1:g.119965464T>C,missense_variant,VCV002010544
1:g.119965466G>T,stop_gained,VCV001068831
1:g.119965472A>G,synonymous_variant,VCV002045206
1:g.119965510G>A,synonymous_variant,VCV002106609
1:g.119965514C>T,synonymous_variant,VCV002038020
1:g.119965532A>G,synonymous_variant,VCV002050787
1:g.119965577G>A,splice_polypyrimidine_tract_variant,VCV001545465
1:g.119965582T>C,splice_polypyrimidine_tract_variant,VCV002116467
1:g.119965583G>A,splice_polypyrimidine_tract_variant,VCV001239348
1:g.119965584G>A,intron_variant,VCV002419581
1:g.119966358C>G,intron_variant,VCV001564333
1:g.119966360G>T,intron_variant,VCV002085820
1:g.119966364G>A,intron_variant,VCV001232150
1:g.119966386C>A,synonymous_variant,VCV002090277
1:g.119966393T>C,missense_variant,VCV002421762
1:g.119966404G>T,synonymous_variant,VCV001494860
1:g.119966409T>C,missense_variant,VCV001354168
1:g.119966478C>T,missense_variant,VCV002015315
1:g.119966495C>A,splice_region_variant,VCV002202468
1:g.119966503A>T,splice_polypyrimidine_tract_variant,VCV001614462
1:g.119967414T>G,intron_variant,VCV001908684
1:g.119967426C>G,splice_region_variant,VCV001548246
1:g.119967449T>C,synonymous_variant,VCV002194743
1:g.119967499C>G,missense_variant,VCV001716963
1:g.119967572G>A,synonymous_variant,VCV001355813
1:g.119967587A>G,synonymous_variant,VCV001169611
1:g.119967605A>G,synonymous_variant,VCV002061658
1:g.119968105G>A,synonymous_variant,VCV001662901
1:g.119968128G>C,missense_variant,VCV001718578
1:g.119968132G>A,synonymous_variant,VCV001594568
1:g.119968147T>C,synonymous_variant,VCV001522326
1:g.119968158G>A,synonymous_variant,VCV001954856
1:g.119968183C>T,synonymous_variant,VCV001582799
1:g.119968228G>C,synonymous_variant,VCV001442409
1:g.119968244T>G,splice_polypyrimidine_tract_variant,VCV001631293
1:g.119968246G>A,splice_polypyrimidine_tract_variant,VCV002445751
1:g.119968250A>G,intron_variant,VCV002003952
1:g.119969481T>C,intron_variant,VCV001283582
1:g.119969493C>T,intron_variant,VCV002421967
1:g.119969494G>A,intron_variant,VCV001575532
1:g.119969497C>T,intron_variant,VCV001239185
1:g.119969514C>A,missense_variant,VCV002093925
1:g.119969543G>C,missense_variant,VCV002012142
1:g.119969587G>A,synonymous_variant,VCV001176201
1:g.119969590G>A,synonymous_variant,VCV002151340
1:g.119969615C>T,missense_variant,VCV001708122
1:g.119969710C>T,synonymous_variant,VCV001603824
1:g.119969711A>G,missense_variant,VCV001721202
1:g.119969718C>A,stop_gained,VCV002029083
1:g.119986953T>C,splice_region_variant,VCV002151354
1:g.119986954A>G,splice_donor_region_variant,VCV001983576
1:g.119986979G>A,synonymous_variant,VCV001669610
1:g.119986991A>G,synonymous_variant,VCV001562099
1:g.119987066G>A,synonymous_variant,VCV002102783
1:g.119987098C>T,splice_polypyrimidine_tract_variant,VCV002167842
1:g.120069392G>A,synonymous_variant,VCV001174922
